x,y,z,reflectance
0.0,73.0,25.704635036187828,0.5150018
144.0,52.0,43.73026045192165,0.5145999
12.0,116.0,19.732066259519616,0.50776714
128.0,50.0,61.434839291772725,0.5520674
92.0,114.0,59.77177551687046,0.5410412
72.0,71.0,107.54887604250612,0.5674527
146.0,121.0,17.854569243699196,0.4979653
1.0,15.0,11.11289130928129,0.5196892
52.0,63.0,87.18260054000206,0.56543756
146.0,98.0,33.03911728856922,0.5167815
144.0,55.0,44.29900764255174,0.50053453
22.0,102.0,38.78213581105057,0.5540733
74.0,69.0,110.85182945118294,0.5959945
40.0,51.0,70.735593910846,0.5385595
16.0,94.0,37.20949153023079,0.50023174
111.0,51.0,80.6260888652298,0.5213275
28.0,74.0,57.976204409015764,0.54798734
8.0,52.0,34.50288836714438,0.49910435
27.0,81.0,54.8056376820144,0.5376706
153.0,54.0,33.6963316496239,0.5247625
70.0,66.0,108.05500410928207,0.53833616
71.0,32.0,81.06407702954795,0.53115666
137.0,93.0,45.091519253125426,0.5435213
93.0,6.0,50.37885623938238,0.53341746
136.0,58.0,54.03160401910107,0.56195056
69.0,89.0,88.00819464681467,0.56455106
89.0,78.0,100.50562933037135,0.54686624
80.0,9.0,55.57832322095,0.5438859
15.0,51.0,42.357526710333445,0.5294372
109.0,57.0,85.05666608112709,0.5560087
85.0,117.0,57.645290826613895,0.5836005
139.0,73.0,50.093703832183756,0.52207637
41.0,61.0,74.18422361398142,0.529573
61.0,20.0,63.86291821603555,0.55114484
45.0,125.0,37.6248172584284,0.49783573
46.0,41.0,71.91946542645299,0.5545795
105.0,70.0,89.88588775843523,0.54181165
61.0,125.0,45.164815240097255,0.540118
33.0,104.0,47.71056650435037,0.50602275
72.0,5.0,50.26072072948609,0.5594444
156.0,118.0,10.798351660792216,0.5200655
148.0,114.0,21.137567864203962,0.5289089
4.0,113.0,14.082838397400298,0.51977336
49.0,24.0,60.72465037495999,0.5297581
147.0,43.0,37.758164464822876,0.5459759
84.0,16.0,63.58256626477687,0.5416885
29.0,61.0,60.16027504302154,0.5486005
66.0,94.0,81.22296379833335,0.5725608
81.0,98.0,80.15846939466795,0.55088717
5.0,75.0,31.21243495107509,0.5032344
152.0,92.0,29.513509969450237,0.53671885
97.0,4.0,46.95536780376722,0.54941076
10.0,95.0,30.32834284144753,0.5141008
116.0,78.0,74.7567549847251,0.56302655
55.0,62.0,90.62386483770932,0.5769052
63.0,111.0,61.4582700431439,0.5654
103.0,2.0,42.543285101117085,0.5390318
1.0,33.0,20.597823550352622,0.5042634
102.0,32.0,74.51481077290774,0.5422895
39.0,91.0,62.498674458544954,0.54674596
74.0,46.0,97.77608407538423,0.5853822
117.0,92.0,65.65102599303502,0.52388287
128.0,19.0,42.933945025917595,0.54756224
159.0,36.0,21.826901255623138,0.50304013
80.0,32.0,82.51829714673454,0.5281408
32.0,23.0,46.05931018879999,0.5250008
12.0,19.0,24.490295474561414,0.512855
88.0,47.0,97.9932105820089,0.55920136
0.0,32.0,19.07742644156098,0.51882917
52.0,72.0,85.89113554885854,0.56944376
16.0,125.0,16.440632085132783,0.50889117
70.0,37.0,86.27541607409204,0.5787671
74.0,30.0,79.56034305711117,0.5628057
58.0,106.0,64.46490891820368,0.5582806
125.0,88.0,60.26353607760817,0.4977146
1.0,82.0,25.095522992339504,0.53001255
89.0,71.0,106.64508859869952,0.54245573
13.0,13.0,21.37376542551438,0.48397544
131.0,102.0,45.50474724570143,0.56631863
56.0,57.0,90.71741964588637,0.5590662
45.0,101.0,60.34397378793459,0.5296113
35.0,101.0,51.76216270261498,0.5117786
94.0,84.0,91.40484434682566,0.55368817
36.0,86.0,62.37950059900979,0.5399818
43.0,11.0,44.28994653864026,0.5483768
1.0,96.0,20.164006441784245,0.48496905
159.0,72.0,26.993804297646967,0.5050155
6.0,79.0,31.56078979073239,0.5026258
133.0,23.0,41.51394406896372,0.5067091
119.0,122.0,38.134367972163844,0.51919216
73.0,9.0,55.05865686035983,0.53295124
36.0,89.0,60.72465037495999,0.5426891
79.0,87.0,93.03457498311099,0.57136273
145.0,13.0,23.227384945997017,0.49740645
142.0,35.0,39.82773881563129,0.5333517
76.0,44.0,96.11000821856413,0.5747782
131.0,8.0,31.281996492586327,0.49069434
37.0,107.0,48.771665681723974,0.5464261
42.0,44.0,69.70210691509546,0.56663823
151.0,29.0,27.281898523193355,0.5460189
8.0,65.0,35.658034922283605,0.5210536
107.0,81.0,82.62826815006542,0.58706844
28.0,82.0,55.546386504068465,0.55067617
87.0,55.0,106.64508859869952,0.580743
66.0,92.0,83.33240947209715,0.57019323
43.0,9.0,42.357526710333445,0.53046495
152.0,120.0,13.160708789596217,0.5003917
74.0,64.0,112.97218071501273,0.58021414
65.0,21.0,66.65745760400716,0.54430634
140.0,107.0,33.53750989520397,0.54380757
149.0,39.0,34.038792072861824,0.523288
137.0,36.0,45.615329077203796,0.5350794
49.0,12.0,49.09018953972452,0.5444416
44.0,46.0,72.85595503555346,0.55376375
81.0,41.0,93.03457498311099,0.5594572
124.0,68.0,68.25013255584314,0.5605391
85.0,101.0,76.26786078866024,0.56119996
134.0,18.0,36.91174248676673,0.5292937
99.0,88.0,84.14587481637675,0.5613439
134.0,88.0,50.78400720543997,0.5127119
108.0,35.0,72.7832579299745,0.5821886
50.0,120.0,45.58766821318378,0.5243238
26.0,71.0,56.22041575979302,0.55967015
36.0,80.0,65.16098949497054,0.5607152
30.0,120.0,32.06640532099958,0.5249678
129.0,2.0,27.437397584911988,0.5119654
46.0,92.0,68.40944499374272,0.520053
47.0,36.0,69.30814035620371,0.5310844
77.0,22.0,70.67992789750686,0.52949834
104.0,60.0,91.50096278904813,0.56233704
44.0,119.0,43.00518706099615,0.52908844
26.0,5.0,26.31770737636961,0.52198553
156.0,50.0,29.483191158068173,0.5099533
40.0,66.0,73.08934283025272,0.53555894
154.0,85.0,29.900969118121708,0.48484212
95.0,82.0,92.55548835354881,0.5771075
131.0,71.0,59.703476620062766,0.5402896
66.0,117.0,55.79164061717394,0.5237346
25.0,54.0,54.52215977160205,0.5440885
8.0,5.0,10.968090372253085,0.49336708
136.0,21.0,37.300684227326926,0.52883106
41.0,105.0,53.72038167824101,0.51855284
13.0,45.0,38.42817021401232,0.49855217
137.0,121.0,25.581045206006205,0.53169703
69.0,3.0,47.39809516709735,0.52301574
46.0,94.0,66.88943883447405,0.5495044
4.0,15.0,14.082838397400298,0.47736764
72.0,56.0,106.74821687101841,0.5776503
27.0,28.0,44.95428222678151,0.5332626
125.0,119.0,36.76326737229179,0.5461214
109.0,24.0,62.130034328425,0.53823155
0.0,39.0,21.826901255623138,0.52987695
77.0,39.0,90.50733865568026,0.5559704
20.0,54.0,48.75240697262031,0.5266424
112.0,119.0,45.467923094785036,0.5204208
40.0,111.0,47.71056650435037,0.566992
101.0,12.0,54.31296486089622,0.5647512
18.0,92.0,40.31693878933591,0.5424996
0.0,22.0,14.167066769849175,0.50283504
9.0,75.0,35.84530794351422,0.5309365
60.0,6.0,48.13885340294171,0.5548094
148.0,98.0,30.950137289378787,0.50345373
120.0,42.0,66.52901402196315,0.5291399
34.0,36.0,56.92339152597561,0.5654466
54.0,33.0,72.6092398632237,0.55115056
62.0,75.0,95.29133162869907,0.5731744
112.0,94.0,68.6226300172784,0.55213875
9.0,43.0,33.27608988654943,0.5306702
23.0,82.0,49.98584637862804,0.52756995
27.0,91.0,50.32960876646273,0.5244337
29.0,57.0,59.703476620062766,0.55535907
131.0,5.0,28.65336723735696,0.51333934
137.0,51.0,51.52132252815711,0.52701217
69.0,70.0,105.32361279253594,0.58064157
14.0,106.0,28.36844722796283,0.51291317
13.0,79.0,39.579989748940676,0.49634367
53.0,126.0,40.7918380037179,0.5446791
49.0,81.0,78.58817772193254,0.5514689
91.0,4.0,48.55050393596273,0.52735025
103.0,57.0,91.83996085091412,0.5767414
38.0,2.0,32.285107085373525,0.52789503
30.0,57.0,60.86368578837039,0.5469033
153.0,4.0,9.31959324693285,0.4778447
94.0,37.0,84.37620348631016,0.5712728
10.0,89.0,32.93662947137368,0.5327422
68.0,70.0,104.28531834518449,0.59998685
56.0,111.0,58.18669927643838,0.5241353
91.0,58.0,105.32361279253594,0.56646705
74.0,32.0,81.86513022596083,0.5536961
10.0,5.0,12.769765594158521,0.49337116
18.0,65.0,47.369755342389276,0.48299557
152.0,87.0,31.467761142772574,0.5320142
114.0,96.0,65.31130227792414,0.53956336
123.0,25.0,52.00385591994133,0.5549957
71.0,14.0,60.49364657819322,0.5481342
102.0,31.0,73.54486822435348,0.543402
93.0,16.0,61.75194968195365,0.5334047
130.0,45.0,57.34896298524349,0.5462749
80.0,101.0,76.66178107591182,0.575153
132.0,31.0,47.86255496893617,0.531615
21.0,81.0,48.08160111931735,0.5312025
140.0,65.0,49.712046967752606,0.54815894
61.0,101.0,71.28167070027854,0.5264367
29.0,28.0,46.880276925859306,0.53243417
78.0,45.0,97.6222835141306,0.5744955
110.0,123.0,42.47246751841687,0.53274727
114.0,79.0,76.4722544329902,0.5756284
117.0,48.0,72.7832579299745,0.53223383
82.0,30.0,80.10685002868102,0.5536303
130.0,113.0,38.000408983768274,0.5023582
132.0,35.0,50.26072072948609,0.53941715
101.0,96.0,75.1679965138143,0.5429388
40.0,122.0,37.475059202332446,0.5207315
60.0,106.0,65.51236434727241,0.525082
4.0,123.0,7.30504696738016,0.51206464
77.0,41.0,92.83182457179797,0.56804764
108.0,117.0,49.790166417322155,0.550993
149.0,102.0,27.734311268634798,0.53142124
62.0,89.0,83.91701637451423,0.5598673
68.0,120.0,52.917960675006306,0.5573943
63.0,100.0,73.36800794597309,0.54061407
113.0,125.0,38.765245332716994,0.5236969
29.0,65.0,60.25205381629648,0.53379357
143.0,47.0,43.56853859382952,0.540653
153.0,41.0,30.351295358480293,0.5464195
95.0,11.0,55.4825604971803,0.5450118
134.0,15.0,34.5911911209017,0.51560414
82.0,86.0,94.12506627792158,0.56083465
101.0,70.0,94.41835166164391,0.5541997
55.0,5.0,44.94514201387711,0.53594756
103.0,77.0,89.05453262237728,0.56753594
126.0,8.0,35.11485521672212,0.51798373
47.0,99.0,63.65556707223668,0.5444664
22.0,46.0,48.868037440536085,0.52689767
41.0,74.0,72.8414066491666,0.56195605
118.0,127.0,33.82359980122451,0.5602072
18.0,122.0,20.55642609879761,0.5191846
62.0,114.0,57.75539988157656,0.5367363
52.0,78.0,83.33240947209715,0.5918005
44.0,24.0,56.96690764600457,0.5299446
68.0,53.0,100.9325651129804,0.59476584
60.0,31.0,74.80226370874689,0.53933084
91.0,34.0,82.5732422574176,0.5323419
158.0,21.0,15.675079562022942,0.47790807
90.0,96.0,80.73076050224925,0.56117696
115.0,19.0,53.22544299349764,0.56875896
63.0,113.0,59.25011291790078,0.5397632
65.0,7.0,50.96262942010779,0.55135
103.0,71.0,91.83996085091412,0.5736629
17.0,8.0,21.269490963359523,0.5185188
98.0,60.0,98.40223588807984,0.5718098
103.0,23.0,64.93628967167258,0.5562203
9.0,61.0,36.76326737229179,0.55173314
110.0,39.0,74.25914725591468,0.57155627
27.0,112.0,36.245677213854485,0.5574542
37.0,111.0,45.38513520229037,0.5335056
76.0,78.0,102.94556777442928,0.5492705
71.0,94.0,83.31370628775015,0.5600153
13.0,126.0,13.077273172654621,0.50884527
158.0,38.0,23.696364326665012,0.5110396
102.0,4.0,45.14648451483521,0.50273436
67.0,74.0,100.78919892225261,0.5587908
110.0,5.0,42.47246751841687,0.5100395
58.0,46.0,86.7053069489167,0.57259876
78.0,59.0,113.69233915259755,0.5625956
35.0,75.0,65.73944971645449,0.57338786
17.0,87.0,41.4440544238321,0.49001008
133.0,39.0,51.36123188893263,0.5608574
57.0,46.0,85.79072654609715,0.5719722
10.0,100.0,27.80124861963931,0.5266831
43.0,115.0,46.19860203584612,0.52758414
72.0,11.0,57.217710668863496,0.521056
106.0,56.0,88.1371077515078,0.56594384
134.0,121.0,28.032183518946788,0.5175486
81.0,99.0,78.98765801466647,0.5689376
138.0,25.0,38.134367972163844,0.5016906
89.0,118.0,55.87716627535828,0.53115535
121.0,12.0,42.43708297413656,0.5365996
94.0,95.0,80.15846939466795,0.53713953
146.0,105.0,28.99192611534337,0.52101046
118.0,35.0,64.00974605714521,0.582693
90.0,100.0,76.23650034059176,0.5488709
16.0,99.0,34.55907046956715,0.5382221
12.0,125.0,13.000313426490502,0.5153977
150.0,123.0,12.769765594158521,0.50888157
43.0,30.0,61.14274191513596,0.54336166
86.0,32.0,81.86513022596083,0.56326026
77.0,114.0,61.329516707665526,0.53813696
123.0,48.0,66.2602817548029,0.56050926
141.0,28.0,37.03567472526108,0.508272
39.0,58.0,71.4650616163733,0.55528903
113.0,56.0,80.22739943004028,0.5206738
76.0,120.0,54.23990386334248,0.5107617
75.0,94.0,84.37620348631016,0.56823045
15.0,107.0,28.71346371278472,0.53834015
68.0,89.0,87.5187671446283,0.5520226
81.0,30.0,80.15846939466795,0.5784136
46.0,38.0,69.86603312975981,0.5368901
106.0,32.0,71.70593128374115,0.5347855
147.0,125.0,13.869328127090789,0.50529146
23.0,58.0,52.866850542391795,0.54691166
23.0,94.0,44.55316037264319,0.5178704
10.0,99.0,28.331023680242865,0.51197326
103.0,70.0,92.15844043476748,0.5919648
25.0,68.0,55.40817653497785,0.5145271
70.0,0.0,44.12703171040973,0.5480615
57.0,98.0,71.91946542645299,0.54238266
44.0,64.0,77.83308429007636,0.53790903
69.0,45.0,94.28462545859233,0.56976336
142.0,125.0,18.12355043676799,0.5084943
148.0,121.0,16.070350952100718,0.4998946
150.0,58.0,37.70813394075818,0.49763727
35.0,56.0,66.46490779347647,0.58176655
155.0,59.0,31.95725816261797,0.5195597
125.0,97.0,54.63750236136187,0.5271385
41.0,113.0,46.646113375453446,0.52208173
75.0,8.0,54.14608739886408,0.55979306
70.0,117.0,56.82558985189514,0.5604022
60.0,72.0,94.76935661039025,0.5676628
126.0,1.0,28.630841249731827,0.5127072
29.0,105.0,43.353440247123814,0.55077904
30.0,97.0,49.82925875530979,0.5369669
8.0,41.0,31.467761142772574,0.49215367
133.0,17.0,37.02740681699651,0.55037665
114.0,32.0,65.31130227792414,0.5481855
146.0,70.0,42.37519883376472,0.52647257
103.0,40.0,81.06407702954795,0.5231975
45.0,100.0,61.18938000335106,0.5213041
38.0,112.0,45.29325625503671,0.5288084
34.0,99.0,52.29705305978,0.5411303
135.0,113.0,33.720180128414896,0.55087775
145.0,120.0,19.506552816468332,0.50894946
10.0,45.0,35.04215536012192,0.49084443
66.0,54.0,99.84813753084819,0.59652025
33.0,53.0,63.46110770926428,0.51680285
42.0,10.0,42.65850197291773,0.51751435
86.0,89.0,89.88588775843523,0.58053845
126.0,87.0,59.76038698987388,0.5330593
98.0,20.0,64.31688086953497,0.5469543
32.0,42.0,58.15341561573509,0.55379117
144.0,5.0,18.04278156871922,0.50986373
12.0,52.0,39.12068611422234,0.52699053
110.0,109.0,56.65209303320929,0.5397736
30.0,105.0,44.26276973125775,0.5380682
15.0,13.0,23.227384945997017,0.51502484
46.0,47.0,75.4750686446894,0.5797188
136.0,44.0,50.349303577098944,0.5560898
64.0,97.0,77.04334288793059,0.5325098
6.0,19.0,18.555403803056233,0.51462543
106.0,118.0,49.799937460940924,0.5417683
14.0,31.0,33.569250898514696,0.5203852
78.0,89.0,90.62386483770932,0.54593647
40.0,40.0,65.36149843143082,0.56222886
136.0,80.0,51.782271097717086,0.56189203
1.0,100.0,18.312260613860552,0.53304577
106.0,38.0,76.93170483080985,0.5438386
113.0,97.0,65.33639459295095,0.5327659
98.0,72.0,96.92800240181332,0.5693973
149.0,70.0,38.87509630206025,0.5033303
80.0,30.0,80.17569071840545,0.5504197
159.0,51.0,26.222564989901905,0.565819
142.0,1.0,16.467131412054563,0.51699805
53.0,122.0,45.0640517410808,0.53101325
25.0,79.0,53.22544299349764,0.54864854
44.0,23.0,56.09148115870775,0.51617235
150.0,120.0,15.0,0.51439
1.0,107.0,14.647803222459297,0.48171678
147.0,5.0,15.432073657778815,0.501425
78.0,97.0,81.27607092601747,0.56774527
2.0,91.0,23.319579756102694,0.50776976
3.0,71.0,29.437731972725516,0.5093303
28.0,43.0,54.31296486089622,0.5617313
79.0,5.0,50.88318477865562,0.5293231
11.0,19.0,23.51134276190927,0.52437586
28.0,62.0,59.047199388059084,0.5464512
19.0,105.0,33.911205794221516,0.5677143
3.0,76.0,28.72097855422879,0.53767496
52.0,13.0,51.85269720635467,0.50787324
159.0,33.0,20.597823550352622,0.5499993
90.0,1.0,45.28407457445822,0.52174526
155.0,63.0,32.14445059658662,0.51316744
119.0,64.0,74.31917464758273,0.5620089
81.0,58.0,112.87524069726203,0.55064595
102.0,118.0,51.70187303928853,0.5357733
10.0,112.0,20.584022484482634,0.50431734
30.0,62.0,61.38800588907987,0.54884756
48.0,99.0,64.45255818057032,0.5384316
134.0,36.0,48.75240697262031,0.54075986
131.0,26.0,45.50474724570143,0.5476819
95.0,72.0,100.08784535920272,0.59993905
119.0,73.0,73.11859799815564,0.5509395
63.0,37.0,82.62826815006542,0.57233465
78.0,83.0,97.6222835141306,0.53528005
81.0,89.0,90.69400294453993,0.5753205
38.0,52.0,68.83670332328781,0.5507831
9.0,88.0,32.21475066960281,0.55446166
75.0,24.0,72.7832579299745,0.5555189
71.0,55.0,105.09174397989571,0.5859964
151.0,47.0,34.48684311756465,0.5167683
123.0,76.0,67.7094771446316,0.54021806
118.0,89.0,66.72179551476296,0.52729493
58.0,36.0,78.2910783363863,0.56330234
17.0,71.0,45.75378797541251,0.5553642
93.0,27.0,74.06459997333477,0.55537987
15.0,93.0,36.63151148036339,0.5483897
56.0,117.0,51.85269720635467,0.5203177
66.0,111.0,62.55835410673863,0.5740074
7.0,124.0,9.31959324693285,0.51791
35.0,10.0,37.666465060646416,0.5460808
27.0,93.0,49.23544707115353,0.5080006
20.0,47.0,46.95536780376722,0.56738037
102.0,40.0,81.86513022596083,0.53948164
97.0,44.0,89.25468506838965,0.53151584
45.0,49.0,75.3981024137685,0.55215216
142.0,20.0,30.950137289378787,0.5256016
126.0,56.0,65.31130227792414,0.5412965
57.0,87.0,81.90112350417795,0.5603804
49.0,66.0,83.61411088307352,0.57641864
132.0,3.0,26.11290511808423,0.53869534
136.0,110.0,35.11485521672212,0.5538383
88.0,98.0,79.08813756616696,0.56793535
92.0,44.0,92.68074921571541,0.5618321
154.0,96.0,25.56651585994898,0.5222211
113.0,84.0,74.80226370874689,0.5255454
110.0,28.0,65.1109767070976,0.5475615
122.0,1.0,31.312930246492996,0.53278595
135.0,93.0,47.17168535085995,0.5581922
89.0,111.0,63.948521048210274,0.5369694
109.0,121.0,45.091519253125426,0.51981276
17.0,3.0,17.285322966730902,0.49713787
111.0,62.0,83.61411088307352,0.5457326
74.0,94.0,84.1650123278462,0.57525194
145.0,69.0,43.64037268996902,0.54360217
21.0,50.0,48.97419740582763,0.5315529
106.0,33.0,72.6092398632237,0.5368647
78.0,105.0,71.91946542645299,0.5184668
8.0,105.0,22.95132601652292,0.5296949
146.0,25.0,30.206028503728767,0.51591873
133.0,29.0,45.606107646445906,0.51239294
93.0,113.0,60.62058745536176,0.54642427
114.0,30.0,63.67992170182826,0.5394852
144.0,54.0,44.12703171040973,0.5077098
144.0,38.0,39.08676733987083,0.52702147
78.0,113.0,62.55835410673863,0.5230602
53.0,24.0,63.473241820851754,0.58264995
40.0,72.0,72.22001643712827,0.53349537
59.0,123.0,46.646113375453446,0.53958255
64.0,10.0,54.03160401910107,0.5417073
12.0,13.0,20.439226796013628,0.50887525
7.0,87.0,30.351295358480293,0.531835
111.0,91.0,71.8481821633325,0.5523057
123.0,18.0,46.245091110043035,0.5441383
97.0,62.0,99.95051852747625,0.59005433
40.0,113.0,45.91102086498767,0.5598845
4.0,25.0,19.944375226674588,0.50968456
21.0,20.0,33.79176514916014,0.51398903
16.0,51.0,43.505739096194205,0.5314119
156.0,49.0,29.263682748897708,0.526334
142.0,113.0,27.437397584911988,0.54846257
112.0,70.0,81.86513022596083,0.5318415
124.0,32.0,56.27421550301559,0.54727143
64.0,60.0,100.68237251349646,0.5704386
59.0,5.0,46.646113375453446,0.54948306
158.0,70.0,28.36844722796283,0.51048595
104.0,5.0,45.39432932034606,0.54552776
26.0,7.0,28.032183518946788,0.5116666
102.0,57.0,92.95836543402008,0.5704549
148.0,8.0,16.81888998748544,0.5082439
88.0,61.0,109.99238095127565,0.55410475
135.0,90.0,48.74277956996474,0.5462466
72.0,48.0,99.04709112691265,0.59968185
108.0,106.0,60.875286830995336,0.506652
144.0,4.0,17.24526003455678,0.5398073
108.0,2.0,40.31693878933591,0.5173017
18.0,2.0,17.29868075039271,0.50697404
96.0,98.0,75.9864211640178,0.5697495
25.0,104.0,40.3427693787695,0.54847306
144.0,14.0,24.871716908679367,0.49262804
34.0,95.0,55.02697557879098,0.5432819
111.0,55.0,82.19030321819935,0.56324804
114.0,87.0,71.91946542645299,0.5854312
5.0,122.0,8.94834754856133,0.5043534
16.0,31.0,35.658034922283605,0.5122432
63.0,115.0,57.03223821358866,0.5615808
91.0,6.0,50.853416570303345,0.51107883
121.0,5.0,35.84530794351422,0.5184801
139.0,23.0,35.84530794351422,0.5442586
137.0,100.0,41.034701971796956,0.49854842
60.0,85.0,86.03220678922818,0.5595343
32.0,63.0,63.76524596856842,0.52154857
33.0,34.0,54.68999815140552,0.53093314
35.0,82.0,63.23105237337805,0.5640293
149.0,111.0,22.211963921960262,0.5146063
20.0,34.0,41.42659172592246,0.531008
122.0,118.0,39.870531592197146,0.50556254
136.0,33.0,45.02744404556117,0.5355314
147.0,55.0,40.8178235133011,0.50107306
152.0,116.0,15.97139230234696,0.507131
122.0,86.0,64.46490891820368,0.52209395
71.0,123.0,50.093703832183756,0.5517775
35.0,41.0,60.80571467925179,0.53891027
153.0,68.0,34.36659957532525,0.5021613
117.0,4.0,37.43350794810223,0.54230165
112.0,105.0,59.08097137362999,0.57993484
117.0,42.0,69.57951200398693,0.5385747
42.0,66.0,75.42887295733192,0.5596854
143.0,25.0,33.21283392619649,0.50572616
96.0,118.0,54.03160401910107,0.5530586
39.0,74.0,70.568783932102,0.55904925
24.0,84.0,50.349303577098944,0.51323456
117.0,88.0,68.34300510142678,0.5436912
71.0,104.0,71.97656821925364,0.5522901
81.0,0.0,45.02744404556117,0.51439136
136.0,102.0,40.7312382753089,0.5456499
124.0,112.0,43.73026045192165,0.54562855
18.0,58.0,47.03993741979577,0.5275431
100.0,30.0,73.79657915737216,0.54903585
24.0,102.0,40.7312382753089,0.5394793
111.0,106.0,58.85617714625023,0.54894257
55.0,21.0,61.74017407275258,0.507725
81.0,9.0,55.567675889784155,0.5463142
13.0,29.0,31.46001316753722,0.5383884
25.0,45.0,51.84263187836335,0.5203016
156.0,59.0,30.78851517663075,0.5303565
100.0,38.0,81.5783978445052,0.5828814
86.0,75.0,105.32361279253594,0.5700896
85.0,19.0,66.96699141100893,0.5817814
8.0,102.0,24.64124223267782,0.5194875
94.0,64.0,103.60175500169636,0.56395364
54.0,111.0,57.08673217601327,0.5347544
19.0,110.0,30.512127814475974,0.549803
102.0,16.0,58.15341561573509,0.54085064
129.0,98.0,50.14278499822027,0.53458214
83.0,86.0,93.99284807558675,0.5287849
53.0,50.0,84.37620348631016,0.56661093
132.0,90.0,51.903046162466126,0.5472281
4.0,107.0,17.720343915417416,0.50973374
90.0,45.0,94.85105345754772,0.5681848
93.0,94.0,81.70357910119358,0.573412
122.0,53.0,69.14601245939028,0.5313664
75.0,61.0,113.17018730392886,0.5760205
64.0,54.0,97.89989515530884,0.58153486
142.0,92.0,40.31693878933591,0.5012245
96.0,40.0,86.21444961771162,0.521044
8.0,64.0,35.66616858015272,0.5261264
56.0,6.0,46.47797741575624,0.5432041
83.0,74.0,107.77123542925005,0.5355333
25.0,60.0,55.40817653497785,0.52504784
108.0,110.0,56.92339152597561,0.55698454
63.0,122.0,49.206371721191964,0.54676014
150.0,41.0,33.6963316496239,0.49688244
80.0,56.0,110.62957428668363,0.56044006
74.0,89.0,89.88588775843523,0.5659364
12.0,67.0,40.27390640449013,0.516876
9.0,81.0,34.48684311756465,0.5478559
6.0,3.0,7.670861456816742,0.49619234
45.0,7.0,41.653910396896244,0.54855424
154.0,14.0,15.392720488346182,0.5047322
54.0,8.0,47.68210422875616,0.5147278
127.0,127.0,27.935269325618826,0.49966598
20.0,88.0,44.308069831170734,0.5151209
91.0,37.0,85.85093651964426,0.5431746
145.0,59.0,43.64037268996902,0.5091805
139.0,10.0,26.31770737636961,0.49407467
26.0,38.0,49.799937460940924,0.5580185
97.0,50.0,94.20472249687136,0.6013808
123.0,37.0,60.528239946152276,0.5364843
97.0,30.0,75.4750686446894,0.5404209
99.0,101.0,71.28167070027854,0.5453784
116.0,6.0,40.04193172088993,0.50906134
156.0,41.0,26.993804297646967,0.538385
4.0,46.0,28.518294511829367,0.5060993
28.0,106.0,41.706462279569415,0.5431017
1.0,55.0,26.868503664141112,0.4988335
82.0,10.0,56.706259701486985,0.5590296
7.0,43.0,31.02720339010713,0.50752735
12.0,58.0,40.04193172088993,0.54735965
122.0,89.0,62.74974704497251,0.52490497
37.0,122.0,35.4306101043819,0.5496489
73.0,55.0,106.64508859869952,0.517385
91.0,99.0,77.02737683753277,0.5525013
130.0,87.0,55.53574444777603,0.5060018
2.0,74.0,27.890574090034544,0.537709
154.0,109.0,18.555403803056233,0.539477
54.0,21.0,61.14274191513596,0.5412891
123.0,122.0,35.4306101043819,0.5102216
21.0,11.0,27.104504034201376,0.5248128
123.0,3.0,32.5827917816925,0.50109017
94.0,107.0,67.03170529550306,0.52366644
69.0,127.0,45.091519253125426,0.551607
124.0,48.0,65.16098949497054,0.5497165
116.0,95.0,64.35385096487785,0.5490459
22.0,40.0,46.47797741575624,0.55828893
33.0,50.0,62.55835410673863,0.5292622
2.0,18.0,13.933982822017867,0.5079108
115.0,40.0,70.29201124224132,0.5367939
110.0,58.0,84.1650123278462,0.5461896
87.0,89.0,89.59119992582377,0.55158764
73.0,109.0,66.65745760400716,0.52670765
112.0,61.0,82.3539429719911,0.5444726
6.0,60.0,33.19702713869197,0.5491703
5.0,65.0,32.14445059658662,0.54702365
152.0,36.0,29.513509969450237,0.5488281
108.0,17.0,55.919971910118505,0.52928424
154.0,49.0,31.56078979073239,0.5384539
131.0,55.0,59.34051458566675,0.53609544
53.0,5.0,44.000561619533386,0.54271597
131.0,23.0,43.353440247123814,0.520547
19.0,20.0,31.902735293424193,0.5064809
121.0,72.0,71.07091991413715,0.5084284
40.0,83.0,68.13096934139395,0.56374514
1.0,49.0,25.813819562709448,0.52766037
88.0,35.0,84.763430166111,0.55816567
112.0,80.0,78.09418225382531,0.5413728
26.0,2.0,23.696364326665012,0.5209795
57.0,112.0,57.65629298094275,0.5521626
105.0,107.0,61.74017407275258,0.53873307
68.0,72.0,103.10722480885582,0.5496097
136.0,115.0,31.281996492586327,0.50454867
99.0,99.0,73.35329985790698,0.52909505
35.0,120.0,35.85345970331021,0.5270706
9.0,2.0,9.592633464220995,0.4904445
128.0,31.0,51.7722161593616,0.5447001
41.0,98.0,59.3970841078241,0.55632615
58.0,49.0,88.81164616985778,0.55375195
127.0,12.0,37.90008318235996,0.5300622
109.0,99.0,66.76043558111886,0.50823146
105.0,23.0,63.75304886311507,0.55017173
159.0,117.0,8.572182393329788,0.52565765
55.0,27.0,67.69636024417308,0.56530315
118.0,100.0,58.68812234596453,0.54214156
36.0,61.0,68.34300510142678,0.5627535
108.0,15.0,53.896561101964274,0.53680646
18.0,74.0,46.44066605959446,0.54698604
118.0,31.0,61.04957643049211,0.5353458
158.0,113.0,12.106505768137371,0.49314982
98.0,121.0,49.98584637862804,0.5329803
24.0,31.0,43.86529107930454,0.5199169
77.0,79.0,102.0825061639231,0.5933085
15.0,34.0,36.147450843757895,0.51703143
7.0,108.0,20.164006441784245,0.4724609
54.0,79.0,84.8413872745171,0.56741244
79.0,91.0,88.3531298507435,0.5631604
113.0,92.0,69.30814035620371,0.5338927
59.0,92.0,79.00438750424091,0.5549101
67.0,63.0,104.7280745379938,0.56314075
84.0,29.0,78.73752960116622,0.5511756
1.0,39.0,22.94425790726892,0.52117944
128.0,44.0,59.09223286344363,0.5530416
31.0,125.0,28.353475975061325,0.5410381
49.0,64.0,83.68960036089908,0.53742
10.0,76.0,36.81272963235594,0.5263451
82.0,40.0,91.79128313238844,0.5721903
54.0,104.0,64.12012011815204,0.52957827
25.0,125.0,23.79613871143598,0.52936006
63.0,124.0,46.95536780376722,0.54584086
37.0,69.0,69.29460989829727,0.5260569
104.0,8.0,48.6369638620296,0.5520908
114.0,124.0,39.22252789298244,0.5331522
84.0,112.0,63.58256626477687,0.528874
117.0,1.0,34.422692203154135,0.50357515
15.0,82.0,40.99996140785135,0.48487037
73.0,3.0,48.08160111931735,0.5308038
69.0,32.0,80.36561913765445,0.5473714
39.0,120.0,38.70615629464772,0.53831
11.0,99.0,29.377155198040708,0.5126546
60.0,58.0,95.5424708585001,0.5801955
101.0,104.0,67.08353338492459,0.55205476
142.0,76.0,46.03148329583299,0.49667707
143.0,52.0,44.88119166378064,0.4899171
131.0,27.0,46.19860203584612,0.5448942
94.0,60.0,102.94556777442928,0.5885738
18.0,21.0,31.622863292122155,0.53725326
96.0,45.0,90.90543173650751,0.56779283
59.0,115.0,55.39755724621478,0.50954676
126.0,69.0,65.80269784412133,0.5358972
69.0,48.0,97.25740538645387,0.5520388
22.0,61.0,51.973597306526386,0.49213198
79.0,73.0,109.39339828220179,0.6079186
80.0,3.0,48.55050393596273,0.52994615
142.0,3.0,18.12355043676799,0.52247304
17.0,89.0,40.61017758906986,0.53254503
90.0,73.0,104.24172691150113,0.57864434
158.0,122.0,6.148363551720424,0.54481256
106.0,95.0,72.6092398632237,0.52962816
8.0,95.0,28.1814820207686,0.5154709
71.0,49.0,99.51056191178655,0.5707211
46.0,57.0,79.3404227824219,0.5698849
5.0,22.0,19.315604183291594,0.49225804
143.0,8.0,21.269490963359523,0.5238816
155.0,105.0,19.8826907585102,0.492105
104.0,118.0,50.78400720543997,0.51067144
144.0,76.0,43.73026045192165,0.55411917
59.0,17.0,59.703476620062766,0.5381251
111.0,96.0,67.81453103849974,0.52741253
118.0,113.0,47.369755342389276,0.52321494
133.0,7.0,28.83377550975977,0.5202028
119.0,9.0,41.02601539809176,0.5282865
27.0,102.0,43.61342698755647,0.51452667
23.0,86.0,48.43538652071805,0.5238464
68.0,64.0,105.94436143002545,0.5756407
149.0,65.0,39.17159096383826,0.5294721
142.0,18.0,29.57417808892925,0.5074055
19.0,43.0,44.43505458474971,0.5198995
42.0,115.0,45.50474724570143,0.48750502
127.0,46.0,61.04957643049211,0.56815416
139.0,12.0,27.88312699248346,0.5165725
35.0,123.0,33.0864601190692,0.51073205
80.0,85.0,95.40263250254455,0.564402
76.0,105.0,71.74856251351474,0.56393623
130.0,37.0,53.44152580020424,0.5472697
15.0,110.0,26.728660978160978,0.5637397
105.0,20.0,60.72465037495999,0.53485197
81.0,97.0,81.32925098645887,0.5529129
87.0,76.0,103.72773570255653,0.5878416
70.0,2.0,46.44066605959446,0.53750336
72.0,82.0,96.92800240181332,0.5838564
114.0,34.0,66.88943883447405,0.5438243
11.0,7.0,15.169998243381277,0.51404905
157.0,6.0,7.086127145833707,0.5241948
135.0,36.0,47.71056650435037,0.53493804
93.0,61.0,104.3728659993852,0.56628233
67.0,99.0,76.26786078866024,0.5367302
137.0,59.0,52.979344283400756,0.5565029
59.0,12.0,54.31296486089622,0.5430549
41.0,64.0,74.31917464758273,0.56987035
89.0,85.0,93.2388614482611,0.53988206
76.0,116.0,58.912298151975214,0.53049845
82.0,49.0,102.27496602913573,0.59595317
34.0,93.0,56.306517161505745,0.5587401
6.0,82.0,30.796204827537004,0.5214663
120.0,41.0,65.95479534369896,0.54242563
95.0,21.0,66.65745760400716,0.55721295
114.0,109.0,53.93808336667567,0.53020114
19.0,52.0,47.18110503849544,0.5101689
97.0,53.0,96.28291754873715,0.5554274
58.0,92.0,78.2910783363863,0.5347181
117.0,106.0,54.438401707007564,0.51736665
52.0,84.0,79.69627506169635,0.5426263
24.0,108.0,36.582156672772605,0.5010288
27.0,111.0,37.02740681699651,0.5534151
91.0,104.0,71.40855992275503,0.563548
158.0,34.0,22.11380425681478,0.5470485
27.0,23.0,41.51394406896372,0.55931073
148.0,31.0,31.467761142772574,0.52834857
76.0,86.0,93.80886390864082,0.5790575
51.0,47.0,80.6260888652298,0.54186934
1.0,71.0,27.104504034201376,0.52243793
14.0,98.0,33.03911728856922,0.5210613
132.0,55.0,58.18669927643838,0.5271715
156.0,60.0,30.857745914663827,0.5160875
90.0,58.0,106.34037460785771,0.56600887
17.0,72.0,45.615329077203796,0.5530415
20.0,29.0,38.638678512782604,0.5124496
44.0,126.0,36.02482945362551,0.5167902
144.0,109.0,28.36096129577664,0.53150135
110.0,59.0,84.37620348631016,0.54873645
127.0,101.0,49.936875152369666,0.5596071
23.0,42.0,48.43538652071805,0.5353345
70.0,59.0,106.90443195432042,0.569748
22.0,28.0,40.04193172088993,0.51253384
13.0,74.0,40.65339234509478,0.5287252
5.0,53.0,31.21243495107509,0.52974576
48.0,42.0,74.51481077290774,0.57703245
70.0,80.0,97.89989515530884,0.54448885
77.0,19.0,67.17435489757077,0.56026244
98.0,110.0,62.14188928413098,0.5317507
129.0,25.0,46.646113375453446,0.54832053
68.0,43.0,91.6699547579847,0.54901886
2.0,60.0,28.518294511829367,0.5532966
50.0,36.0,71.93373476482141,0.5469639
128.0,75.0,62.32000600453331,0.5539485
34.0,114.0,40.420311452806665,0.54064924
71.0,20.0,67.39557423793984,0.5582823
91.0,108.0,66.87652441211527,0.5757766
51.0,60.0,85.71061104186965,0.54135054
119.0,20.0,51.131753573554235,0.5386558
60.0,119.0,51.45123686871317,0.52766174
13.0,108.0,26.11290511808423,0.5050596
47.0,89.0,71.5074810899258,0.5641401
97.0,76.0,95.62675897528642,0.56167454
74.0,53.0,105.32361279253594,0.54215276
123.0,56.0,68.76970932224931,0.5513392
31.0,35.0,53.30767770081374,0.5239993
16.0,65.0,45.02744404556117,0.5342915
114.0,12.0,47.22822176614705,0.5394872
11.0,40.0,34.43070843733375,0.54009384
25.0,77.0,53.803231233526574,0.5179089
25.0,62.0,55.53574444777603,0.5655936
85.0,90.0,88.98810220450787,0.58848304
86.0,119.0,55.19612138979003,0.54288375
52.0,66.0,87.11995193167124,0.55151844
4.0,115.0,12.795357535908636,0.527118
92.0,59.0,104.77305821586091,0.5717121
92.0,1.0,44.88119166378064,0.5394485
64.0,93.0,81.20527757793751,0.53472626
56.0,39.0,79.40796365499574,0.5598485
71.0,36.0,85.5509389840877,0.57960314
103.0,27.0,68.97095518595174,0.5366283
30.0,55.0,60.49364657819322,0.5498185
38.0,58.0,70.30581326631905,0.5501946
87.0,46.0,97.37837749236256,0.5842993
143.0,44.0,42.57871818389481,0.53769904
31.0,49.0,59.97713850174231,0.5484334
40.0,95.0,60.72465037495999,0.55047303
89.0,93.0,84.43401872026804,0.5756382
50.0,50.0,81.22296379833335,0.5554548
68.0,57.0,103.72773570255653,0.5598596
111.0,87.0,74.78708904446462,0.53818804
113.0,34.0,67.7619776828242,0.54040766
25.0,102.0,41.69770118317087,0.5406196
46.0,103.0,59.3970841078241,0.56756324
74.0,58.0,110.0611626532638,0.5838735
78.0,55.0,109.20111794403992,0.5849025
75.0,126.0,47.14343359522984,0.5208628
7.0,34.0,27.55604862219778,0.5316505
115.0,82.0,73.90062430981966,0.54580057
129.0,43.0,57.557343379275906,0.56265616
111.0,40.0,74.07953588659797,0.54784083
17.0,68.0,46.05931018879999,0.54675967
88.0,34.0,83.63296856203746,0.5650455
136.0,98.0,43.26399388718266,0.51611495
72.0,43.0,93.67823399059898,0.5888846
111.0,16.0,53.07152525488633,0.51943594
43.0,109.0,51.76216270261498,0.5442524
155.0,79.0,30.412530819615498,0.50721693
108.0,18.0,56.92339152597561,0.55123514
80.0,69.0,114.14348392917728,0.60897756
136.0,20.0,36.582156672772605,0.5495717
22.0,32.0,42.41055515587501,0.53517365
18.0,124.0,18.941576906975325,0.5049393
64.0,85.0,89.07670780786754,0.5644035
7.0,78.0,32.93662947137368,0.538793
40.0,121.0,38.43658011452294,0.5357335
139.0,66.0,50.853416570303345,0.5447682
105.0,67.0,90.50733865568026,0.561336
12.0,74.0,39.49473581823603,0.53003603
22.0,37.0,45.0640517410808,0.5314002
72.0,32.0,81.36474502699292,0.52901655
3.0,66.0,29.77923417878867,0.5227796
63.0,127.0,43.56853859382952,0.5194613
146.0,20.0,27.089736448706958,0.49000078
96.0,42.0,88.1371077515078,0.558552
62.0,18.0,62.14188928413098,0.5548715
141.0,20.0,31.902735293424193,0.52975386
12.0,47.0,37.90008318235996,0.54473
60.0,115.0,55.83438919673485,0.53760135
123.0,29.0,55.05865686035983,0.55482453
84.0,81.0,99.54406878308349,0.5676744
1.0,99.0,18.792353031611047,0.51652735
12.0,23.0,26.993804297646967,0.5263184
76.0,109.0,67.08353338492459,0.5463778
109.0,46.0,80.02096586044496,0.54483765
127.0,84.0,60.17173969011536,0.5462713
102.0,19.0,61.329516707665526,0.551569
157.0,89.0,25.175065026740317,0.52622753
114.0,57.0,79.3404227824219,0.5617678
101.0,57.0,94.07209808794828,0.57388604
121.0,119.0,39.648258021220286,0.550577
155.0,46.0,29.657663275305698,0.52604985
56.0,112.0,57.14127338073796,0.54513013
54.0,55.0,87.77319325203423,0.53517526
59.0,124.0,45.54158960836741,0.54386556
115.0,1.0,35.584867268087876,0.51454586
29.0,117.0,33.84748350999272,0.5241786
151.0,41.0,32.5827917816925,0.5253186
113.0,0.0,35.658034922283605,0.52127916
135.0,37.0,48.23437537338102,0.5367462
41.0,78.0,71.4650616163733,0.56174517
69.0,112.0,62.32000600453331,0.59137326
144.0,77.0,43.505739096194205,0.5640919
4.0,39.0,26.288422507688193,0.5253179
96.0,110.0,62.95380562488916,0.54043394
10.0,85.0,34.398648004750335,0.51872957
17.0,50.0,44.40782560827944,0.5417286
117.0,127.0,34.422692203154135,0.5389442
117.0,36.0,65.65102599303502,0.55596167
74.0,24.0,72.62371695540108,0.555522
7.0,30.0,25.67554050758316,0.50735366
38.0,16.0,45.29325625503671,0.5479782
26.0,127.0,22.81006149635929,0.52222615
23.0,60.0,53.07152525488633,0.53083926
68.0,37.0,85.39200360272,0.5773231
77.0,82.0,98.62572209178609,0.605642
43.0,98.0,61.14274191513596,0.55755275
44.0,55.0,76.53533815536703,0.5917513
66.0,101.0,73.66315010127916,0.5462369
66.0,115.0,58.05367193307089,0.55983216
113.0,53.0,79.25615413820442,0.5709685
127.0,93.0,55.31266569480393,0.5739694
95.0,35.0,81.7573536480541,0.54528785
64.0,13.0,57.392774904597935,0.52775365
128.0,13.0,37.9669534168862,0.5048225
115.0,81.0,74.42441282505004,0.5424522
94.0,47.0,94.20472249687136,0.5613571
82.0,111.0,64.89892878735942,0.52643573
64.0,6.0,49.52686033222199,0.56739324
145.0,105.0,29.98475738832326,0.52958053
145.0,79.0,41.86432999692607,0.5767569
9.0,126.0,9.592633464220995,0.5076429
146.0,34.0,35.08253648538424,0.5270698
35.0,42.0,61.329516707665526,0.53685975
149.0,16.0,21.54780162000618,0.5080986
97.0,16.0,60.355473744901595,0.54843616
132.0,2.0,25.21847972644744,0.52675647
55.0,103.0,65.73944971645449,0.5575317
85.0,74.0,106.90443195432042,0.59111047
32.0,108.0,43.73026045192165,0.52942
27.0,101.0,44.28994653864026,0.54635876
128.0,43.0,58.63220634925045,0.5291239
27.0,48.0,55.153793574297055,0.52687037
22.0,71.0,51.57142766215912,0.51279455
0.0,76.0,25.24743391080215,0.521036
6.0,47.0,31.065761483623167,0.5337636
87.0,9.0,55.05865686035983,0.54804415
15.0,58.0,43.54161820740997,0.5154006
13.0,9.0,18.467534928897564,0.5155732
150.0,48.0,35.894230353650066,0.5315792
126.0,74.0,64.86159321816575,0.51399493
41.0,85.0,68.11774587893345,0.5843563
11.0,4.0,12.897786454520638,0.49182993
29.0,125.0,26.868503664141112,0.5063056
34.0,12.0,38.680845564843814,0.49462807
51.0,102.0,64.00974605714521,0.5289839
68.0,45.0,93.67823399059898,0.5623593
13.0,77.0,40.05909194606427,0.5048137
106.0,101.0,67.03170529550306,0.5473319
122.0,30.0,56.706259701486985,0.52084345
144.0,36.0,38.17627513233395,0.51088613
82.0,100.0,77.76806202213952,0.54956186
92.0,48.0,96.57393571670909,0.57725775
86.0,48.0,99.98476190255133,0.5680338
49.0,23.0,59.79455903366192,0.5695123
91.0,95.0,81.47142333913445,0.5445954
64.0,122.0,49.52686033222199,0.5492807
104.0,17.0,58.18669927643838,0.56029516
63.0,102.0,71.23944767114882,0.5280633
41.0,86.0,67.55229084962862,0.5389607
27.0,30.0,46.245091110043035,0.5309216
8.0,15.0,17.98897118448417,0.51732975
108.0,3.0,41.38295195123108,0.52945924
66.0,80.0,95.09775208501225,0.5910545
79.0,82.0,98.88403101106977,0.58646894
55.0,127.0,40.61017758906986,0.5241333
59.0,77.0,91.0709446420655,0.5594083
143.0,96.0,37.23435230106399,0.55489343
31.0,2.0,27.437397584911988,0.50325847
3.0,33.0,22.774777436927273,0.53026265
148.0,117.0,19.016271535290663,0.51091677
44.0,61.0,77.68692469858264,0.5782603
11.0,6.0,14.420155055348825,0.49974626
127.0,4.0,30.7270218142895,0.5248079
90.0,95.0,81.84714632032829,0.5679457
67.0,28.0,75.1679965138143,0.5566898
131.0,88.0,53.97963174602671,0.54434717
10.0,26.0,26.706599715813944,0.49813557
15.0,30.0,34.078701638097186,0.5177484
61.0,56.0,95.85296564187057,0.56817836
20.0,112.0,30.0,0.5312077
129.0,115.0,37.15979237109554,0.51393324
76.0,73.0,108.46400120090667,0.57216495
122.0,99.0,55.96280615828055,0.51814926
30.0,95.0,51.091922311446616,0.52213615
0.0,88.0,22.16988343400037,0.54342484
143.0,76.0,44.88119166378064,0.5507275
30.0,6.0,30.305396197878704,0.5234948
70.0,120.0,53.369420336143975,0.53664565
85.0,73.0,107.94069532401255,0.5815613
51.0,32.0,69.41651431158343,0.5472352
11.0,95.0,31.398053756992557,0.51119095
67.0,47.0,94.9330165648799,0.58984333
93.0,11.0,56.080748348347214,0.5393407
129.0,31.0,50.803831348133436,0.5666126
36.0,24.0,50.349303577098944,0.54862
142.0,93.0,39.82773881563129,0.5092045
138.0,11.0,27.972531937204856,0.5373511
3.0,30.0,21.40854808735241,0.51644397
14.0,116.0,21.58264578969775,0.5196823
95.0,83.0,91.64575138300881,0.5543317
39.0,28.0,56.09148115870775,0.5509159
110.0,63.0,84.8413872745171,0.57460815
96.0,38.0,84.24166479566804,0.574528
108.0,64.0,87.20351000339272,0.6041137
9.0,95.0,29.256122964068823,0.502109
147.0,21.0,26.750727459844,0.52869016
157.0,76.0,28.72097855422879,0.54712176
5.0,34.0,25.385087288963412,0.50854987
10.0,2.0,10.472188630400199,0.49072438
57.0,102.0,67.97250961176812,0.5597792
55.0,84.0,82.5,0.5207472
48.0,126.0,38.27693999497224,0.52295613
11.0,32.0,30.911629238839218,0.4871313
123.0,11.0,40.05909194606427,0.54464024
99.0,60.0,97.25740538645387,0.5693381
73.0,93.0,85.05666608112709,0.541874
141.0,99.0,37.6248172584284,0.5016146
113.0,60.0,81.06407702954795,0.56016743
50.0,51.0,81.70357910119358,0.52066374
151.0,95.0,29.256122964068823,0.4968731
64.0,67.0,100.9325651129804,0.58768106
112.0,60.0,82.22660634397958,0.53701264
31.0,50.0,60.309487210502446,0.52081174
4.0,16.0,14.712935962395953,0.48814166
108.0,59.0,86.684710168072,0.5846326
41.0,53.0,72.53692063889001,0.55542254
44.0,98.0,61.999789739657814,0.56837684
15.0,31.0,34.61528953912295,0.5399331
76.0,69.0,112.5,0.5920063
115.0,2.0,36.60683042534409,0.50093234
54.0,87.0,79.3404227824219,0.5415263
104.0,106.0,63.33990951596939,0.5566597
73.0,71.0,108.4046897621411,0.5769594
144.0,82.0,42.128154059095905,0.52070457
47.0,82.0,75.97083837760783,0.5709951
82.0,45.0,97.6222835141306,0.57330227
27.0,79.0,55.4825604971803,0.52425545
125.0,37.0,58.53168573535968,0.569719
142.0,106.0,32.285107085373525,0.5172129
98.0,122.0,48.868037440536085,0.520322
97.0,41.0,86.49990899175084,0.5836536
102.0,113.0,57.08673217601327,0.5472278
20.0,21.0,33.53750989520397,0.53162485
20.0,117.0,26.22988020774603,0.54123276
71.0,45.0,95.37476012250052,0.5728904
20.0,42.0,45.14648451483521,0.5176262
30.0,108.0,41.987336862813756,0.54810196
155.0,77.0,30.842356660499057,0.5099114
38.0,78.0,68.14419617589655,0.54535604
98.0,26.0,70.74952024500105,0.5474523
31.0,97.0,50.803831348133436,0.5540352
6.0,96.0,25.56651585994898,0.5250778
40.0,94.0,61.434839291772725,0.5367271
6.0,2.0,6.922215418528559,0.48206306
36.0,48.0,65.16098949497054,0.49632308
129.0,1.0,26.515620190896684,0.53013885
16.0,49.0,43.00518706099615,0.5386796
112.0,91.0,70.95888981879716,0.5290871
44.0,15.0,48.781296989227705,0.5363861
57.0,117.0,52.32745630071448,0.541194
50.0,62.0,84.78290326504718,0.54860514
43.0,79.0,73.2358016865205,0.54791784
107.0,42.0,79.20567650679456,0.570588
35.0,8.0,35.85345970331021,0.5066365
29.0,91.0,52.40859846862465,0.5217915
46.0,96.0,65.31130227792414,0.52674365
59.0,16.0,58.63220634925045,0.5313879
47.0,49.0,77.54126824269211,0.55415225
7.0,51.0,33.14962403720954,0.50923693
30.0,51.0,59.48770534116187,0.55000097
146.0,54.0,41.811672008244464,0.5287155
143.0,2.0,16.467131412054563,0.50822055
6.0,30.0,24.61247205318255,0.4927153
130.0,4.0,28.518294511829367,0.5169896
62.0,6.0,48.868037440536085,0.5100769
68.0,21.0,67.7094771446316,0.5488137
62.0,33.0,78.01241472681275,0.54958
43.0,106.0,54.438401707007564,0.52333957
28.0,102.0,44.56225309212513,0.54156977
49.0,111.0,54.05240439672074,0.55827576
122.0,98.0,56.706259701486985,0.54019743
143.0,40.0,41.034701971796956,0.52373964
108.0,102.0,64.71250306739171,0.5778145
30.0,14.0,37.176355443865084,0.5044421
103.0,114.0,55.53574444777603,0.5461724
3.0,57.0,29.437731972725516,0.54969466
92.0,17.0,63.18273836665308,0.5330994
110.0,108.0,57.62329233971557,0.5432854
139.0,93.0,42.99627820207838,0.5416671
69.0,15.0,61.17771701464014,0.5432471
13.0,70.0,41.208634557505704,0.5113118
79.0,11.0,57.90988060223053,0.51936984
38.0,107.0,49.59503031676271,0.5427607
66.0,25.0,71.4650616163733,0.5572995
90.0,0.0,44.12703171040973,0.5175433
29.0,87.0,54.46979843558261,0.52525365
66.0,13.0,58.05367193307089,0.5636546
42.0,78.0,72.5658350974743,0.5649788
96.0,114.0,58.50937013677929,0.52648836
77.0,101.0,76.5195586442846,0.557076
38.0,124.0,34.21453304047699,0.55418366
29.0,5.0,28.65336723735696,0.5343901
75.0,108.0,68.13096934139395,0.553331
121.0,124.0,34.88082242970211,0.5125642
76.0,111.0,64.74973788827211,0.57929784
110.0,64.0,84.86090357506363,0.55195874
58.0,48.0,88.1371077515078,0.5634559
158.0,117.0,9.54293958681522,0.5202114
130.0,118.0,33.799722709970084,0.5061191
118.0,108.0,51.903046162466126,0.5365316
24.0,119.0,28.062023823587264,0.5398962
126.0,24.0,48.598524303013754,0.54323757
113.0,112.0,51.7722161593616,0.52085304
68.0,126.0,46.03148329583299,0.53429693
41.0,52.0,72.20566162726169,0.560334
115.0,124.0,38.638678512782604,0.52338606
112.0,123.0,41.38295195123108,0.5050176
4.0,61.0,30.911629238839218,0.4933632
15.0,71.0,43.42507256160721,0.5244703
154.0,105.0,20.908855703202313,0.5241476
47.0,80.0,77.04334288793059,0.56849647
112.0,81.0,77.55742760836105,0.5694131
134.0,107.0,39.146134532877085,0.52660906
130.0,19.0,41.208634557505704,0.5094181
24.0,17.0,34.36659957532525,0.5132945
67.0,23.0,69.62034382712044,0.54852206
102.0,7.0,48.43538652071805,0.5357885
113.0,120.0,43.86529107930454,0.52322805
7.0,45.0,31.64615209836988,0.53478515
25.0,17.0,35.26044204194343,0.57078916
154.0,32.0,25.56651585994898,0.52027774
156.0,114.0,13.443591029525926,0.49268374
97.0,96.0,77.55742760836105,0.5635773
113.0,80.0,77.04334288793059,0.54650426
103.0,108.0,61.84624039584748,0.53619355
115.0,126.0,36.60683042534409,0.5519867
115.0,64.0,79.00438750424091,0.55439395
116.0,33.0,64.35385096487785,0.5402878
122.0,85.0,64.99861420814572,0.53580904
51.0,30.0,67.65702926499247,0.54871124
153.0,114.0,16.361174757907563,0.50751245
90.0,104.0,71.70593128374115,0.5212142
29.0,6.0,29.53625574634751,0.5155805
7.0,120.0,12.23373870653797,0.4874657
31.0,98.0,50.14278499822027,0.56121117
19.0,23.0,33.911205794221516,0.52713966
61.0,83.0,88.52701506866873,0.552101
81.0,36.0,87.18260054000206,0.5759404
113.0,75.0,79.25615413820442,0.54728043
118.0,109.0,51.01232877906512,0.5417005
144.0,124.0,17.24526003455678,0.5024028
56.0,118.0,50.78400720543997,0.52061415
89.0,101.0,75.3981024137685,0.55207735
89.0,79.0,99.51056191178655,0.5736054
52.0,122.0,44.56225309212513,0.55751914
136.0,95.0,45.02744404556117,0.5285849
35.0,112.0,42.933945025917595,0.5748898
89.0,60.0,108.46400120090667,0.58762646
149.0,0.0,9.766738453316579,0.51154846
48.0,71.0,81.63199694359133,0.54226726
95.0,34.0,80.71329586296123,0.5506932
8.0,16.0,18.643348853134853,0.52165014
121.0,71.0,71.28167070027854,0.54350084
139.0,55.0,50.093703832183756,0.5483014
33.0,67.0,64.83671687727382,0.55153435
30.0,78.0,59.18239985164756,0.5432094
154.0,35.0,26.90533928490561,0.53047615
115.0,108.0,54.14608739886408,0.5470725
96.0,57.0,99.54406878308349,0.5536891
38.0,26.0,53.65831241070873,0.5562248
112.0,111.0,53.4003131187321,0.5290461
139.0,19.0,33.0864601190692,0.51513916
127.0,119.0,35.26044204194343,0.5063972
99.0,50.0,92.35625153369585,0.5826045
157.0,42.0,26.200622759360993,0.52729774
116.0,45.0,72.32062111633891,0.5500806
109.0,70.0,85.31280899939871,0.5746844
80.0,8.0,54.40702000678545,0.54896307
30.0,24.0,45.0,0.56570095
68.0,47.0,95.62675897528642,0.54332906
38.0,125.0,33.252363496033,0.50572985
150.0,75.0,37.00260803392234,0.53430325
140.0,67.0,49.634014245379085,0.5522063
106.0,81.0,83.61411088307352,0.5510446
8.0,46.0,33.070676310734065,0.5321209
140.0,91.0,42.933945025917595,0.52003324
83.0,112.0,63.667743070850534,0.5509316
119.0,82.0,69.68847050625473,0.5423545
143.0,10.0,22.81006149635929,0.4977839
36.0,13.0,41.104228992126394,0.550236
5.0,120.0,10.36576887601965,0.51598674
36.0,114.0,41.987336862813756,0.54008454
29.0,1.0,25.059389552230492,0.5194327
103.0,63.0,93.03457498311099,0.5680541
30.0,59.0,61.14274191513596,0.53763163
40.0,82.0,68.6226300172784,0.5427794
51.0,94.0,71.1270312629698,0.5639995
16.0,34.0,37.20949153023079,0.5323682
121.0,62.0,71.91946542645299,0.5524899
47.0,50.0,78.01241472681275,0.53860015
6.0,113.0,16.04395276802045,0.51730675
16.0,79.0,43.00518706099615,0.53055865
146.0,5.0,16.30823703245724,0.498366
74.0,11.0,57.52439500483253,0.53982687
157.0,86.0,26.200622759360993,0.5285996
10.0,91.0,32.121029736152764,0.5377294
38.0,119.0,38.94277089460866,0.5486741
16.0,28.0,33.99092503921602,0.5131098
92.0,64.0,105.94436143002545,0.5572314
51.0,11.0,49.23544707115353,0.5411792
157.0,54.0,29.052246303501125,0.51024115
49.0,1.0,37.758164464822876,0.5144503
159.0,102.0,17.318720684093453,0.5285808
23.0,73.0,52.40859846862465,0.5292401
157.0,113.0,13.096521765956638,0.48932892
9.0,90.0,31.43677330883196,0.48946455
56.0,30.0,71.25351795057286,0.5625629
156.0,17.0,15.333718477224592,0.51102537
87.0,41.0,91.83996085091412,0.5317445
142.0,69.0,47.14343359522984,0.5204568
102.0,121.0,48.43538652071805,0.52322555
145.0,89.0,38.42817021401232,0.51988035
38.0,59.0,70.4578893091209,0.51386046
133.0,18.0,37.7998798291781,0.5359707
50.0,99.0,66.0055897201996,0.5605278
20.0,48.0,47.26593712407491,0.5809829
62.0,106.0,66.47772289652221,0.56215215
29.0,45.0,56.252690157190784,0.55003667
28.0,109.0,39.452142690986676,0.55179507
17.0,42.0,41.83799656810348,0.55474955
97.0,32.0,77.55742760836105,0.5599935
55.0,20.0,60.72465037495999,0.53700894
27.0,84.0,53.64797317779483,0.5684311
29.0,50.0,58.05367193307089,0.5383943
45.0,126.0,36.60683042534409,0.55265975
47.0,0.0,35.658034922283605,0.5218174
119.0,119.0,41.02601539809176,0.5164765
56.0,104.0,65.36149843143082,0.553133
125.0,47.0,63.65556707223668,0.5549465
151.0,87.0,32.5827917816925,0.49042988
134.0,9.0,29.71842826400312,0.5192844
66.0,39.0,86.43853472776387,0.5686735
11.0,9.0,16.646179581391614,0.5151847
36.0,43.0,62.89371270358677,0.5483448
45.0,33.0,65.2360943152001,0.55617005
68.0,113.0,60.91010362457438,0.5544171
41.0,60.0,74.07953588659797,0.5574916
14.0,9.0,19.370123963012293,0.5208376
20.0,44.0,45.92028025128077,0.5185675
80.0,58.0,112.97218071501273,0.56792665
36.0,32.0,56.27421550301559,0.52360535
94.0,54.0,99.84813753084819,0.55280805
68.0,112.0,62.047117540489374,0.5474338
59.0,112.0,58.63220634925045,0.55191815
34.0,122.0,33.291911087103124,0.5120411
84.0,20.0,68.25013255584314,0.549652
38.0,102.0,53.65831241070873,0.5437713
54.0,42.0,80.10685002868102,0.5451717
54.0,63.0,89.52359969402954,0.57658726
14.0,68.0,42.552141852034936,0.5492339
82.0,18.0,66.06914996622199,0.5251773
59.0,101.0,70.16796504940748,0.55235255
18.0,114.0,26.706599715813944,0.54219466
39.0,22.0,51.251385823279946,0.51720655
32.0,81.0,60.355473744901595,0.53364134
140.0,64.0,49.721807150127276,0.51948285
18.0,81.0,44.698775639144465,0.5124097
45.0,89.0,69.62034382712044,0.53764606
9.0,34.0,29.71842826400312,0.51200736
57.0,10.0,51.251385823279946,0.53158325
11.0,98.0,29.900969118121708,0.5241921
60.0,5.0,47.03053595560106,0.53646106
31.0,127.0,26.515620190896684,0.51493526
119.0,29.0,58.62102926261725,0.52571476
116.0,93.0,65.85334953944464,0.567486
65.0,44.0,90.71741964588637,0.57025915
15.0,9.0,20.26712507170258,0.51266855
18.0,1.0,16.467131412054563,0.51212037
8.0,124.0,10.221953414195234,0.4880063
46.0,11.0,46.245091110043035,0.5286234
48.0,90.0,71.70593128374115,0.57656544
20.0,105.0,34.88082242970211,0.5206448
137.0,74.0,52.2160444194473,0.5452094
43.0,31.0,61.92887036090156,0.52584296
9.0,55.0,36.17199664586145,0.56400776
28.0,95.0,49.09018953972452,0.52905625
74.0,22.0,70.30581326631905,0.552912
70.0,41.0,90.62386483770932,0.5509789
72.0,57.0,107.54887604250612,0.5445265
85.0,0.0,44.80817214876501,0.5282476
117.0,23.0,55.31266569480393,0.5167738
26.0,24.0,41.287029611905304,0.5099322
5.0,118.0,11.751049123542732,0.509481
80.0,47.0,100.08784535920272,0.5937044
128.0,94.0,53.699685465926535,0.52572805
92.0,94.0,82.15403491558537,0.5427495
148.0,95.0,32.46516372908664,0.5099576
139.0,64.0,50.89311036429181,0.54776895
58.0,34.0,76.42500157424124,0.597749
144.0,120.0,20.391008340048955,0.49140787
65.0,37.0,83.82208597203766,0.5870154
128.0,12.0,37.110123010604774,0.5126766
125.0,101.0,51.76216270261498,0.54698575
56.0,54.0,89.54611643172183,0.5606934
6.0,12.0,14.063410591006104,0.50555044
102.0,117.0,52.78515516752525,0.5458934
53.0,54.0,86.27541607409204,0.5612842
138.0,105.0,36.804483880205275,0.5474712
13.0,82.0,38.73991619797457,0.5224557
19.0,68.0,48.39705517705942,0.5486961
122.0,69.0,70.4578893091209,0.54647803
138.0,123.0,23.092796461971016,0.5389401
24.0,96.0,44.45321268795918,0.49035788
110.0,89.0,74.25914725591468,0.55503595
113.0,38.0,70.79132289484888,0.5398685
63.0,69.0,99.24445416456534,0.55813456
80.0,94.0,84.86090357506363,0.571725
19.0,84.0,44.80817214876501,0.50507474
97.0,38.0,83.61411088307352,0.5761275
7.0,98.0,25.67554050758316,0.5227619
111.0,114.0,51.091922311446616,0.50522184
7.0,4.0,9.31959324693285,0.5016983
6.0,100.0,23.6109256267258,0.5497463
11.0,72.0,38.638678512782604,0.50482064
104.0,7.0,47.55889692561173,0.53730625
113.0,119.0,44.872060343217385,0.51330954
8.0,2.0,8.707701929755714,0.5170832
14.0,122.0,17.08516426367797,0.5150891
65.0,19.0,64.44021018846058,0.5476156
149.0,116.0,18.7991311615432,0.5063506
148.0,25.0,28.1814820207686,0.5048528
158.0,65.0,28.630841249731827,0.4950761
52.0,70.0,86.45898033750315,0.559209
143.0,38.0,40.1707233238698,0.5410661
110.0,124.0,41.42659172592246,0.5435296
41.0,65.0,74.3041604071272,0.55658966
69.0,29.0,77.02737683753277,0.57795393
92.0,123.0,49.47820783097109,0.5499579
75.0,59.0,111.71763554438651,0.5917312
13.0,115.0,21.37376542551438,0.4986022
29.0,22.0,42.61416749061408,0.5306219
159.0,106.0,15.202721828307372,0.4882894
38.0,65.0,70.79132289484888,0.57207686
52.0,90.0,75.2445670282612,0.5335407
62.0,3.0,45.50474724570143,0.5228378
30.0,85.0,56.479070090360246,0.53239685
64.0,58.0,99.98476190255133,0.5605772
26.0,9.0,29.71842826400312,0.52365315
16.0,98.0,35.11485521672212,0.5390761
9.0,93.0,30.167839427236682,0.49982324
87.0,29.0,78.19251438248725,0.5682113
81.0,68.0,115.17059312837411,0.5741016
6.0,53.0,32.371174973016124,0.5093008
70.0,69.0,106.90443195432042,0.61616254
35.0,71.0,66.65745760400716,0.5275566
156.0,100.0,21.49904049000211,0.5325484
56.0,37.0,77.68692469858264,0.5721854
77.0,18.0,66.0055897201996,0.5308869
18.0,14.0,26.706599715813944,0.53692293
85.0,12.0,58.811317402245194,0.564559
99.0,126.0,44.045705335058365,0.5451914
27.0,97.0,46.87089598758552,0.5525543
86.0,17.0,64.50197762257758,0.5407523
20.0,94.0,41.42659172592246,0.5409471
82.0,113.0,62.55835410673863,0.54433966
60.0,63.0,96.54467141512636,0.5786206
68.0,59.0,104.77305821586091,0.5769641
74.0,88.0,91.02355877024469,0.5585626
92.0,66.0,105.75048139452407,0.59491426
33.0,122.0,32.55925351221284,0.5139714
39.0,0.0,30.973250114800038,0.5311645
26.0,32.0,46.47797741575624,0.50340617
127.0,18.0,42.96955780738212,0.5357138
91.0,123.0,49.702288140488335,0.54927397
90.0,22.0,69.43007738615046,0.5651763
77.0,77.0,104.3728659993852,0.5917173
121.0,1.0,31.95725816261797,0.5296437
149.0,89.0,34.038792072861824,0.5011393
26.0,91.0,49.28393255333021,0.5198755
35.0,59.0,66.96699141100893,0.5490149
14.0,2.0,13.933982822017867,0.48779866
61.0,5.0,47.39809516709735,0.52340406
127.0,6.0,32.55925351221284,0.52396584
26.0,111.0,36.147450843757895,0.5108595
14.0,51.0,41.208634557505704,0.5210511
146.0,2.0,13.933982822017867,0.51785606
79.0,81.0,100.05342501434052,0.57532537
120.0,76.0,71.08494171700019,0.548571
61.0,13.0,56.252690157190784,0.54781175
39.0,49.0,68.86352549901153,0.53356886
90.0,118.0,55.67422850793952,0.5300036
64.0,74.0,97.89989515530884,0.5643294
136.0,14.0,32.06640532099958,0.53992176
109.0,68.0,85.71061104186965,0.5383793
50.0,122.0,43.51470729610822,0.51470566
80.0,20.0,68.46265857675999,0.52903706
73.0,118.0,56.22041575979302,0.547809
124.0,93.0,58.275543448440416,0.5379885
0.0,79.0,24.662825564902057,0.5515125
124.0,19.0,46.28230347814844,0.53766096
137.0,107.0,36.36862241315661,0.5242263
24.0,62.0,54.36520108000411,0.5493612
140.0,98.0,39.22252789298244,0.5351081
73.0,58.0,109.20111794403992,0.5580912
136.0,112.0,33.608943552319374,0.55971694
6.0,111.0,17.318720684093453,0.5198187
5.0,79.0,30.412530819615498,0.4661751
63.0,13.0,57.03223821358866,0.5359458
130.0,29.0,48.51211086706415,0.5289586
145.0,16.0,25.356090992631117,0.5258677
157.0,34.0,23.206121691251663,0.5223213
21.0,35.0,42.99627820207838,0.51162213
95.0,24.0,69.9619047563783,0.549615
11.0,39.0,34.038792072861824,0.5166585
132.0,41.0,53.4003131187321,0.52477807
46.0,24.0,58.50937013677929,0.5630185
96.0,26.0,71.70593128374115,0.53948355
128.0,108.0,43.73026045192165,0.5043701
3.0,12.0,11.169604989925798,0.50657165
127.0,26.0,49.206371721191964,0.54798305
144.0,108.0,29.029621545815463,0.5193792
16.0,52.0,43.73026045192165,0.5132344
101.0,97.0,74.18422361398142,0.56020874
22.0,54.0,51.06206396772352,0.50937384
132.0,7.0,29.62729610243976,0.51195043
32.0,7.0,32.71629520952253,0.5061102
51.0,3.0,40.88715993332919,0.54270303
151.0,114.0,18.285280581709976,0.5128211
13.0,111.0,24.139010706686925,0.5302794
47.0,118.0,45.873994886097215,0.5350669
27.0,52.0,56.349611539131104,0.5344757
49.0,50.0,80.15846939466795,0.58389395
112.0,106.0,58.15341561573509,0.5410926
101.0,18.0,60.770959248923475,0.5703363
36.0,42.0,62.37950059900979,0.5238982
89.0,10.0,55.87716627535828,0.55235034
159.0,60.0,27.348509021776636,0.52557355
33.0,69.0,64.63810855479879,0.5351891
12.0,82.0,37.60816403219102,0.54310834
116.0,49.0,74.31917464758273,0.535949
94.0,4.0,47.83403274902848,0.5166238
48.0,26.0,61.81086347301501,0.5326642
43.0,62.0,76.59851356934598,0.56648785
6.0,98.0,24.61247205318255,0.5075706
149.0,36.0,32.779191059729776,0.50867885
88.0,114.0,60.689942447934946,0.56286085
48.0,87.0,73.84114121967009,0.55778915
98.0,108.0,64.31688086953497,0.5483555
138.0,10.0,27.178377203710845,0.516
159.0,52.0,26.40561696028245,0.5230627
21.0,71.0,50.40842145145686,0.5642115
33.0,92.0,55.919971910118505,0.5091786
9.0,68.0,36.705598525031874,0.55613977
137.0,117.0,28.83377550975977,0.5378256
158.0,111.0,13.334206685485924,0.5076079
124.0,38.0,60.13735233581918,0.5691295
85.0,51.0,103.68563404280246,0.59725
16.0,7.0,19.615829398669256,0.52175045
159.0,94.0,21.019680448401342,0.51886743
48.0,100.0,63.58256626477687,0.5736138
71.0,70.0,107.33041860664186,0.56710595
38.0,21.0,49.59503031676271,0.50805336
45.0,71.0,78.19251438248725,0.5837547
136.0,66.0,54.36520108000411,0.5466531
61.0,79.0,91.64575138300881,0.5606362
43.0,64.0,76.66178107591182,0.5453883
144.0,27.0,33.41066223469457,0.5291801
67.0,30.0,77.36391943607318,0.5689402
66.0,61.0,103.22949016875158,0.5523629
104.0,18.0,59.22753351289065,0.5225861
127.0,52.0,63.18273836665308,0.54982907
78.0,68.0,114.76177278172817,0.5488389
89.0,110.0,65.09848062878139,0.5276086
2.0,30.0,20.33593009881497,0.5207136
16.0,37.0,38.638678512782604,0.54904747
22.0,96.0,42.41055515587501,0.5202884
149.0,81.0,36.76326737229179,0.5373981
105.0,16.0,56.608793023391485,0.5231022
115.0,21.0,55.05865686035983,0.5072911
77.0,97.0,81.18759941688236,0.55177915
1.0,79.0,25.813819562709448,0.51400286
116.0,61.0,77.68692469858264,0.5662099
110.0,1.0,38.268546520908615,0.50425893
84.0,0.0,44.89032409446738,0.54576635
80.0,96.0,82.51829714673454,0.52148324
122.0,82.0,66.47772289652221,0.55579895
101.0,109.0,61.83444569750002,0.5606875
37.0,99.0,55.05865686035983,0.5333248
28.0,50.0,56.92339152597561,0.5175063
108.0,34.0,71.93373476482141,0.5721687
0.0,81.0,24.203435827180762,0.5197798
152.0,39.0,30.7270218142895,0.49017468
77.0,29.0,78.8540669703791,0.59568
74.0,85.0,94.41835166164391,0.5598418
144.0,42.0,40.7312382753089,0.5327267
124.0,120.0,36.582156672772605,0.50294614
135.0,121.0,27.222729339457747,0.52292985
69.0,58.0,105.32361279253594,0.55593157
145.0,109.0,27.40035031410096,0.49786457
144.0,97.0,35.658034922283605,0.53917414
111.0,113.0,52.08461146396937,0.5221671
127.0,62.0,64.89892878735942,0.5559701
35.0,22.0,47.90060214723213,0.5496479
15.0,12.0,22.5,0.50626427
130.0,94.0,51.70187303928853,0.55708957
110.0,75.0,82.5732422574176,0.5565651
110.0,98.0,66.88943883447405,0.53517276
7.0,109.0,19.554346692887282,0.52400094
18.0,97.0,37.73314539953738,0.5433373
118.0,15.0,47.369755342389276,0.55306494
79.0,93.0,86.01201790589403,0.5672243
150.0,24.0,25.56651585994898,0.5141741
17.0,123.0,18.900857642777925,0.51349306
86.0,91.0,87.60335383211975,0.55747426
5.0,51.0,30.842356660499057,0.5253186
120.0,50.0,70.3610597389116,0.531617
98.0,93.0,80.02096586044496,0.5460695
53.0,99.0,68.22362814056174,0.54279447
37.0,97.0,56.51147597457609,0.5162699
62.0,105.0,67.55229084962862,0.56537485
43.0,59.0,76.26786078866024,0.5623447
68.0,99.0,76.66178107591182,0.5480587
40.0,107.0,51.21148528934819,0.56323934
123.0,97.0,56.51147597457609,0.5262795
11.0,88.0,34.43070843733375,0.5009316
71.0,61.0,108.88804203769212,0.5953924
31.0,76.0,60.91010362457438,0.5556625
27.0,107.0,40.05909194606427,0.55855125
88.0,106.0,69.92079444252043,0.5401896
74.0,10.0,56.36038969321073,0.51454633
116.0,109.0,52.5,0.5394365
108.0,52.0,84.3184819310148,0.5745216
115.0,43.0,72.19131112750198,0.56835467
45.0,93.0,66.76043558111886,0.55201876
18.0,49.0,45.28407457445822,0.52462924
5.0,102.0,21.519935160806746,0.52509314
93.0,124.0,48.09114000109957,0.5520131
37.0,39.0,61.74017407275258,0.52861995
129.0,126.0,27.437397584911988,0.529976
106.0,116.0,51.903046162466126,0.55242825
123.0,117.0,40.05909194606427,0.5424293
36.0,93.0,58.275543448440416,0.54128385
97.0,48.0,92.65565113896207,0.55971503
39.0,122.0,36.804483880205275,0.54926753
148.0,59.0,40.136358588452815,0.52703446
128.0,109.0,42.933945025917595,0.53486806
78.0,15.0,62.55835410673863,0.5289079
130.0,33.0,51.091922311446616,0.52529985
155.0,104.0,20.439226796013628,0.50500524
13.0,63.0,41.51394406896372,0.52570003
49.0,90.0,72.6092398632237,0.5608089
47.0,47.0,76.5195586442846,0.5506404
129.0,84.0,58.00939292236558,0.5495
109.0,84.0,78.73752960116622,0.5562335
98.0,83.0,89.34406117298226,0.596091
7.0,88.0,29.992378371498376,0.51762587
35.0,74.0,66.0055897201996,0.5698189
18.0,32.0,38.27693999497224,0.5289269
159.0,41.0,23.625160150080866,0.50973356
134.0,124.0,25.450361469006854,0.5339232
2.0,38.0,23.696364326665012,0.51013774
151.0,86.0,32.93662947137368,0.4932329
28.0,42.0,53.86543651157226,0.54801136
64.0,80.0,93.49643374203683,0.5613289
47.0,60.0,81.06407702954795,0.53827494
64.0,99.0,74.92384492774964,0.54621863
24.0,115.0,31.281996492586327,0.5161401
94.0,34.0,81.22296379833335,0.5758443
144.0,46.0,42.128154059095905,0.53099704
4.0,65.0,30.973250114800038,0.5437198
60.0,121.0,49.245141509575475,0.53425676
55.0,115.0,53.472452065731886,0.53861195
32.0,35.0,54.31296486089622,0.54839754
150.0,85.0,34.398648004750335,0.49762464
38.0,96.0,58.15341561573509,0.5318319
115.0,25.0,58.62102926261725,0.55300087
0.0,116.0,8.240240236304075,0.48142815
149.0,68.0,39.04438885654832,0.5445342
11.0,34.0,31.871594513127953,0.5061292
107.0,124.0,42.933945025917595,0.5501917
81.0,61.0,116.29601401256404,0.5546299
42.0,42.0,68.56925091718465,0.5369884
109.0,83.0,79.39106790552529,0.56377244
95.0,30.0,76.4722544329902,0.53554904
150.0,125.0,11.245269236622937,0.5248146
92.0,21.0,67.7094771446316,0.5280038
13.0,104.0,28.600815235529822,0.5376969
132.0,42.0,53.86543651157226,0.5575266
18.0,117.0,24.461570750746414,0.5333406
67.0,5.0,49.23544707115353,0.5063175
87.0,85.0,94.07209808794828,0.5606916
78.0,33.0,83.61411088307352,0.53861785
134.0,69.0,56.479070090360246,0.5205685
147.0,77.0,40.05909194606427,0.49744204
29.0,40.0,53.97963174602671,0.50432396
89.0,23.0,70.83316108614987,0.5794049
62.0,23.0,67.55229084962862,0.56912816
33.0,46.0,61.04957643049211,0.54398185
153.0,88.0,29.992378371498376,0.4832173
54.0,105.0,63.13446540838427,0.57645845
124.0,64.0,68.46265857675999,0.52482796
156.0,113.0,14.082838397400298,0.4928875
120.0,9.0,40.3427693787695,0.50430745
31.0,85.0,57.557343379275906,0.55803245
6.0,38.0,28.129199946669527,0.49383235
34.0,107.0,46.245091110043035,0.54839146
91.0,41.0,90.13751027320518,0.5766716
101.0,62.0,95.29133162869907,0.5869573
142.0,45.0,44.045705335058365,0.52301943
32.0,6.0,31.817124609167337,0.55336016
2.0,28.0,19.37694101250946,0.5057468
79.0,78.0,103.55997596583562,0.55304545
155.0,14.0,14.420155055348825,0.50082517
50.0,22.0,59.54441259254454,0.52729154
120.0,113.0,45.91102086498767,0.5407438
141.0,91.0,41.86432999692607,0.5350079
89.0,112.0,62.797695338941246,0.54785264
132.0,0.0,23.411862567482295,0.50013936
113.0,46.0,75.97083837760783,0.51935184
129.0,66.0,62.55835410673863,0.5266913
94.0,38.0,85.41183058595563,0.5612663
96.0,34.0,80.17569071840545,0.5209122
4.0,108.0,17.13850183436929,0.5212652
15.0,61.0,43.78424399499382,0.5285092
55.0,123.0,44.94514201387711,0.5183021
13.0,124.0,14.654314684301628,0.48407775
47.0,37.0,70.05796042337508,0.54071623
57.0,19.0,60.80571467925179,0.5718898
60.0,19.0,62.32000600453331,0.5564538
66.0,51.0,97.6222835141306,0.5485371
117.0,89.0,67.69636024417308,0.5839678
106.0,112.0,56.059288132314784,0.54667705
143.0,3.0,17.285322966730902,0.48624167
113.0,44.0,74.80226370874689,0.5529069
136.0,125.0,23.007889433237292,0.5537663
145.0,116.0,22.5,0.5304113
127.0,113.0,40.47204817203438,0.5402243
92.0,101.0,74.43946669405689,0.55726916
111.0,8.0,45.02744404556117,0.5405182
52.0,81.0,81.63199694359133,0.55838394
141.0,108.0,31.902735293424193,0.5191777
11.0,52.0,37.9669534168862,0.53203136
19.0,65.0,48.54090373490307,0.5254445
3.0,79.0,28.114267675127884,0.53178734
53.0,43.0,79.93526579609858,0.548513
81.0,77.0,104.7280745379938,0.58773
105.0,91.0,76.89986135498503,0.54579175
97.0,33.0,78.58817772193254,0.57400095
84.0,91.0,88.02964406615739,0.55516857
143.0,16.0,27.23012342360263,0.52120405
33.0,112.0,41.313178653229755,0.5406295
45.0,21.0,55.05865686035983,0.5142914
66.0,127.0,44.40782560827944,0.5329881
106.0,23.0,63.13446540838427,0.56425005
151.0,65.0,36.82922358916873,0.5064774
157.0,18.0,14.941218544209223,0.495976
26.0,94.0,47.64417194407531,0.52859795
15.0,23.0,29.98475738832326,0.5006336
105.0,82.0,83.91701637451423,0.5573879
143.0,93.0,38.765245332716994,0.5341235
106.0,98.0,69.86603312975981,0.5526646
137.0,49.0,50.96262942010779,0.53194153
128.0,87.0,57.65629298094275,0.5285579
117.0,21.0,53.554992479568156,0.5538973
56.0,58.0,91.02355877024469,0.52970815
22.0,33.0,42.96955780738212,0.54796445
36.0,67.0,68.34300510142678,0.56214374
146.0,120.0,18.61628071240744,0.48327452
153.0,101.0,24.139010706686925,0.5276078
156.0,106.0,18.29202491878057,0.54539543
143.0,111.0,27.935269325618826,0.5202639
102.0,25.0,67.55229084962862,0.54865223
17.0,10.0,22.81006149635929,0.51939017
37.0,73.0,68.54258213183898,0.54866385
134.0,96.0,46.47797741575624,0.52097666
63.0,79.0,93.44471941723702,0.535084
103.0,25.0,66.96699141100893,0.54510975
54.0,44.0,81.5783978445052,0.5422022
124.0,9.0,37.5,0.51056784
16.0,75.0,43.937405430244965,0.5470108
136.0,114.0,32.06640532099958,0.50824076
121.0,4.0,34.88082242970211,0.53632027
15.0,79.0,41.86432999692607,0.5557812
92.0,92.0,84.3184819310148,0.5714432
27.0,121.0,28.83377550975977,0.5590024
128.0,41.0,57.65629298094275,0.55750513
134.0,87.0,51.251385823279946,0.52792144
46.0,5.0,40.23949721273035,0.527996
76.0,91.0,88.02964406615739,0.58142006
64.0,90.0,84.24166479566804,0.55166173
124.0,77.0,66.2602817548029,0.543336
115.0,57.0,78.19251438248725,0.56423
10.0,65.0,38.000408983768274,0.5257412
83.0,115.0,60.16027504302154,0.5258113
88.0,94.0,83.63296856203746,0.54627985
136.0,47.0,51.45123686871317,0.5453871
157.0,82.0,27.378129064406398,0.50455415
158.0,47.0,26.4936091919316,0.5252483
104.0,29.0,70.29201124224132,0.5422421
126.0,111.0,42.96955780738212,0.5160934
79.0,38.0,89.52359969402954,0.5556955
96.0,9.0,52.907735533673396,0.5294344
77.0,119.0,55.4825604971803,0.5567618
131.0,60.0,60.08008393310774,0.52439916
107.0,105.0,62.498674458544954,0.5430953
43.0,86.0,69.57951200398693,0.57414466
135.0,19.0,36.76326737229179,0.5207765
82.0,65.0,117.38088639086408,0.5684203
3.0,86.0,26.200622759360993,0.5285942
67.0,54.0,100.78919892225261,0.58250153
111.0,11.0,48.08160111931735,0.5367295
47.0,51.0,78.45587124338337,0.5522362
58.0,99.0,71.57826279297342,0.5502032
121.0,7.0,37.758164464822876,0.5060257
88.0,103.0,73.36800794597309,0.5396414
135.0,30.0,44.26276973125775,0.53719914
22.0,112.0,31.817124609167337,0.49983785
130.0,57.0,60.86368578837039,0.51229554
96.0,55.0,98.49773125980401,0.56307423
77.0,66.0,115.77680620221396,0.5783176
136.0,25.0,40.06767344016381,0.52166146
40.0,76.0,71.08494171700019,0.5277529
101.0,73.0,93.2388614482611,0.55411273
37.0,18.0,46.245091110043035,0.5325041
46.0,49.0,76.4722544329902,0.5654037
46.0,78.0,76.93170483080985,0.541122
152.0,107.0,21.771017887645453,0.5122539
84.0,43.0,94.96039722126022,0.57516414
122.0,13.0,42.61416749061408,0.5202244
32.0,22.0,45.29325625503671,0.51823246
4.0,33.0,23.860334066246836,0.50750357
56.0,115.0,53.97963174602671,0.53981143
18.0,100.0,36.02482945362551,0.51907593
77.0,67.0,115.0305813266319,0.5997299
77.0,122.0,51.973597306526386,0.5250037
101.0,50.0,90.43764341549766,0.5694947
18.0,69.0,47.14343359522984,0.52859956
82.0,97.0,81.27607092601747,0.54987645
18.0,113.0,27.437397584911988,0.50401217
129.0,51.0,60.62058745536176,0.55126673
149.0,74.0,38.33571846854477,0.5226612
41.0,117.0,42.92504440164882,0.50387186
131.0,32.0,49.47820783097109,0.5571509
74.0,123.0,50.53668278130975,0.52959067
39.0,118.0,40.58426002298058,0.55610466
116.0,87.0,69.9619047563783,0.57049125
64.0,28.0,73.85600480362665,0.5597413
49.0,68.0,83.38857635295487,0.550555
115.0,76.0,76.66178107591182,0.5451616
45.0,67.0,78.8540669703791,0.5764213
140.0,18.0,31.444519250744804,0.5621399
119.0,25.0,55.39755724621478,0.53250754
50.0,6.0,43.51470729610822,0.5431154
17.0,108.0,29.992378371498376,0.5536709
114.0,45.0,74.37928102276335,0.54125077
114.0,10.0,45.25653630013085,0.5399234
88.0,63.0,110.5566515859949,0.5621077
120.0,92.0,62.809688693651324,0.53936267
121.0,40.0,64.35385096487785,0.5533279
28.0,117.0,33.031229322412905,0.53766626
58.0,18.0,60.27502054641034,0.5484719
152.0,60.0,35.53612404427905,0.5386507
26.0,21.0,39.146134532877085,0.5183971
40.0,44.0,67.61772781728163,0.56268245
82.0,24.0,73.08934283025272,0.55894727
119.0,101.0,57.03223821358866,0.54045856
120.0,77.0,70.735593910846,0.57351345
58.0,26.0,68.56925091718465,0.5131693
79.0,36.0,87.18260054000206,0.57519764
79.0,126.0,47.369755342389276,0.5257776
98.0,30.0,74.93906564574976,0.59219027
130.0,125.0,27.615431285385288,0.5368773
126.0,10.0,36.91174248676673,0.5116262
68.0,124.0,48.3300246556924,0.52123845
68.0,19.0,65.44945284305618,0.5360956
127.0,75.0,63.46110770926428,0.55642694
133.0,94.0,48.66580712469839,0.54846746
2.0,95.0,21.68725239592062,0.52484727
5.0,58.0,31.871594513127953,0.52240396
122.0,64.0,70.80526500508908,0.57093453
26.0,72.0,56.059288132314784,0.5443427
140.0,19.0,32.15225893765909,0.5250005
137.0,15.0,31.95725816261797,0.53103465
71.0,17.0,63.948521048210274,0.536151
72.0,10.0,56.059288132314784,0.54267025
128.0,10.0,35.37384939716531,0.5549891
132.0,12.0,33.8634096616197,0.5265703
120.0,23.0,52.907735533673396,0.5329806
57.0,18.0,59.76038698987388,0.54178584
133.0,57.0,57.38181905096689,0.55077016
17.0,107.0,30.657892373629593,0.530305
35.0,49.0,64.44021018846058,0.532675
10.0,117.0,17.158510555226243,0.5384627
71.0,11.0,57.03223821358866,0.5369776
94.0,7.0,51.251385823279946,0.5488951
104.0,104.0,65.36149843143082,0.5284611
8.0,125.0,9.468440661700166,0.50892514
144.0,12.0,23.411862567482295,0.51647645
102.0,70.0,93.29017719739906,0.58551073
39.0,112.0,46.05931018879999,0.5481936
58.0,101.0,69.57951200398693,0.54166
141.0,77.0,46.945977222999964,0.5233896
59.0,71.0,94.07209808794828,0.56499445
156.0,87.0,26.993804297646967,0.5162985
122.0,21.0,49.59503031676271,0.53290033
137.0,86.0,48.43538652071805,0.54817545
80.0,24.0,73.14787143341819,0.55219257
33.0,33.0,54.05240439672074,0.49791348
106.0,83.0,82.28112654606257,0.5867713
8.0,118.0,14.582710725190907,0.48994628
78.0,37.0,88.28816870783967,0.5666769
125.0,50.0,64.79942338583241,0.5301036
122.0,121.0,37.068754601087555,0.5261279
112.0,38.0,71.70593128374115,0.5923323
17.0,54.0,45.28407457445822,0.5349244
67.0,22.0,68.50260484920551,0.5305729
116.0,8.0,42.02251732148537,0.537068
146.0,76.0,41.42659172592246,0.55565596
56.0,100.0,69.32167442656743,0.5156992
86.0,0.0,44.70788594398221,0.5284223
143.0,36.0,39.24800840634664,0.4897608
126.0,116.0,38.680845564843814,0.51643986
114.0,26.0,60.27502054641034,0.53504264
150.0,64.0,38.00877500848181,0.5229984
69.0,91.0,85.85093651964426,0.5635339
78.0,38.0,89.45614907598761,0.56869614
65.0,12.0,56.608793023391485,0.5369924
23.0,46.0,49.98584637862804,0.52658594
97.0,19.0,63.65556707223668,0.5440894
23.0,84.0,49.245141509575475,0.5427727
101.0,38.0,80.8532311397847,0.5563581
148.0,5.0,14.550179544266918,0.5078702
143.0,57.0,45.75378797541251,0.5704385
7.0,13.0,15.694807556230902,0.51817864
96.0,62.0,101.11330317198978,0.57383156
41.0,7.0,39.10372494933298,0.5387935
136.0,31.0,43.86529107930454,0.56226176
77.0,92.0,87.01580200955053,0.5505881
80.0,86.0,94.23132928838,0.57735014
85.0,125.0,48.310884589829925,0.5409662
144.0,59.0,44.80817214876501,0.54541874
39.0,109.0,48.6946620545685,0.5191102
97.0,6.0,49.206371721191964,0.5225791
92.0,127.0,44.88119166378064,0.50689507
123.0,66.0,69.57951200398693,0.53199506
8.0,50.0,34.08668577586119,0.49224877
53.0,36.0,74.43946669405689,0.5595787
117.0,102.0,57.87674525197666,0.5260454
152.0,64.0,35.66616858015272,0.5361331
67.0,51.0,98.46585241540492,0.5463369
13.0,25.0,29.195667343081624,0.51782465
47.0,56.0,80.22739943004028,0.49690744
103.0,106.0,63.91181812234004,0.55103856
88.0,120.0,53.74108435509208,0.5394691
27.0,110.0,37.7998798291781,0.5415445
122.0,97.0,57.43661750457946,0.5289699
69.0,116.0,57.7443802125306,0.5231187
53.0,72.0,87.01580200955053,0.55308247
13.0,117.0,19.937519519052493,0.49122646
16.0,100.0,33.99092503921602,0.5116283
131.0,119.0,32.14445059658662,0.521184
80.0,71.0,111.80087750084819,0.5666094
119.0,23.0,53.72038167824101,0.5409786
152.0,89.0,30.7270218142895,0.51358706
13.0,6.0,16.202442577730825,0.5090462
87.0,101.0,75.89300702532202,0.5604885
147.0,57.0,41.09553476420779,0.5436602
70.0,36.0,85.17465178854947,0.5555987
121.0,57.0,71.28167070027854,0.5281972
89.0,21.0,68.54258213183898,0.5360258
117.0,99.0,60.34397378793459,0.5497336
93.0,57.0,102.70591529297782,0.57001615
136.0,65.0,54.396562775950855,0.54925764
118.0,12.0,44.56225309212513,0.52166307
44.0,12.0,45.92028025128077,0.54986864
54.0,27.0,67.03170529550306,0.5661176
21.0,105.0,35.84530794351422,0.5179312
91.0,48.0,97.25740538645387,0.5921817
52.0,83.0,80.36561913765445,0.5645344
69.0,69.0,105.84708941423071,0.57810926
19.0,61.0,48.46414850733594,0.52333486
126.0,52.0,64.31688086953497,0.56018347
58.0,27.0,69.57951200398693,0.5302831
53.0,93.0,73.58918860185541,0.5695237
141.0,110.0,30.512127814475974,0.50713533
98.0,117.0,54.438401707007564,0.52660966
65.0,26.0,72.14828545009225,0.55437577
40.0,87.0,65.95479534369896,0.56730324
38.0,110.0,47.03993741979577,0.550564
83.0,9.0,55.4825604971803,0.5503576
93.0,12.0,57.217710668863496,0.53995925
130.0,53.0,60.03430858948207,0.51729804
138.0,117.0,27.972531937204856,0.5216056
135.0,102.0,41.69770118317087,0.5331852
117.0,16.0,49.012840391601145,0.54408085
148.0,3.0,13.000313426490502,0.47823173
41.0,88.0,66.36249719350207,0.5439259
53.0,124.0,42.933945025917595,0.5560872
67.0,14.0,59.48770534116187,0.56077605
153.0,46.0,31.933887085312787,0.50600475
84.0,64.0,115.31478714334182,0.58029836
34.0,121.0,34.2065370049505,0.5096309
34.0,84.0,61.24772967541864,0.52855396
70.0,98.0,78.48890832913068,0.5922268
137.0,4.0,23.064485855600758,0.48902777
83.0,18.0,66.0055897201996,0.533123
20.0,108.0,32.85000314848248,0.5452133
98.0,126.0,44.38060643639867,0.54929984
80.0,39.0,90.71741964588637,0.5706286
63.0,42.0,87.43440016393178,0.5547057
78.0,13.0,60.217620264585754,0.53213906
43.0,18.0,50.853416570303345,0.53467464
60.0,94.0,77.76806202213952,0.58092463
127.0,86.0,59.21624695573379,0.53970534
107.0,4.0,42.933945025917595,0.5253068
104.0,96.0,73.14787143341819,0.580985
141.0,34.0,40.377223199854086,0.5009337
10.0,67.0,37.933511488638885,0.56357163
123.0,89.0,61.74017407275258,0.5698183
62.0,27.0,71.8054628133629,0.56261307
33.0,75.0,63.46110770926428,0.56071675
141.0,22.0,33.252363496033,0.5068414
41.0,35.0,63.07418177586021,0.5195479
5.0,90.0,27.023311340173336,0.5296855
64.0,35.0,81.20527757793751,0.56191325
131.0,126.0,25.96689088541155,0.49094075
157.0,101.0,19.937519519052493,0.5115183
39.0,38.0,63.13446540838427,0.516709
131.0,37.0,52.40859846862465,0.53381264
66.0,24.0,70.3610597389116,0.5521234
99.0,67.0,97.46953282287488,0.52864826
153.0,82.0,31.933887085312787,0.5112073
152.0,19.0,20.549528198889796,0.5112398
19.0,33.0,39.85341173976212,0.52557117
152.0,50.0,34.08668577586119,0.49849573
22.0,72.0,51.42122208373931,0.51231045
48.0,11.0,47.48318109300267,0.5363666
159.0,21.0,14.647803222459297,0.5231599
113.0,3.0,38.765245332716994,0.53895104
154.0,40.0,28.87893338811379,0.5413317
50.0,87.0,75.7222596253724,0.5409306
135.0,64.0,55.57832322095,0.5545196
147.0,35.0,34.48684311756465,0.520819
93.0,118.0,54.942567586822776,0.5475768
154.0,9.0,12.004827343657754,0.5182024
59.0,42.0,84.37620348631016,0.5621536
154.0,124.0,8.412235131746266,0.50208324
81.0,43.0,95.37476012250052,0.54328907
105.0,11.0,51.36123188893263,0.5464413
56.0,15.0,56.09148115870775,0.55118304
6.0,109.0,18.555403803056233,0.49450067
88.0,96.0,81.36474502699292,0.54952365
137.0,62.0,53.19463107598932,0.5004307
7.0,25.0,23.057409495833376,0.49928248
53.0,101.0,66.34970961367883,0.5641665
146.0,21.0,27.734311268634798,0.52637506
49.0,94.0,69.47078845348766,0.52125454
143.0,54.0,45.28407457445822,0.5364402
66.0,11.0,55.79164061717394,0.52923304
21.0,114.0,29.415010935020586,0.531749
129.0,55.0,61.64605474495089,0.5053837
107.0,18.0,57.52439500483253,0.5210006
110.0,46.0,79.02112382357312,0.5411539
25.0,92.0,47.71056650435037,0.5361648
123.0,21.0,48.771665681723974,0.53162086
24.0,100.0,42.02251732148537,0.51071143
86.0,26.0,74.93906564574976,0.52743816
131.0,92.0,51.85269720635467,0.5262356
82.0,56.0,110.34118625674823,0.5925861
131.0,11.0,33.84748350999272,0.50332683
105.0,19.0,59.703476620062766,0.53512776
79.0,90.0,89.52359969402954,0.5381555
89.0,73.0,105.09174397989571,0.58141327
144.0,41.0,40.3427693787695,0.5258295
105.0,9.0,49.23544707115353,0.57246095
155.0,119.0,11.062503935603107,0.5004474
42.0,49.0,72.14828545009225,0.5464853
83.0,60.0,114.14348392917728,0.5811405
71.0,43.0,93.2388614482611,0.56461185
151.0,100.0,26.758084114231217,0.49507287
129.0,47.0,59.25011291790078,0.5647776
135.0,115.0,32.14445059658662,0.51764834
35.0,48.0,64.05877430993027,0.533515
76.0,13.0,60.08008393310774,0.5519018
32.0,82.0,59.954285707653966,0.53854436
131.0,53.0,58.88984356498345,0.5686901
102.0,110.0,60.27502054641034,0.5475663
104.0,82.0,84.86090357506363,0.5493394
87.0,74.0,105.70242217341283,0.57262653
157.0,25.0,18.900857642777925,0.4964339
120.0,125.0,34.55907046956715,0.54849494
28.0,65.0,59.08097137362999,0.5431537
2.0,108.0,15.104581699257217,0.5239223
48.0,123.0,41.38295195123108,0.5056779
54.0,57.0,88.4616957629878,0.56499165
136.0,60.0,54.23990386334248,0.5442466
32.0,77.0,61.75194968195365,0.53567284
114.0,27.0,61.14274191513596,0.562495
69.0,51.0,100.05342501434052,0.5837132
76.0,52.0,105.18405605025615,0.57542104
87.0,4.0,49.245141509575475,0.53084815
102.0,97.0,73.54486822435348,0.55595964
123.0,84.0,64.45255818057032,0.54786843
39.0,70.0,71.4650616163733,0.5718022
122.0,77.0,68.50260484920551,0.54878145
81.0,15.0,62.59419167655339,0.55791575
73.0,98.0,79.3404227824219,0.5449283
121.0,28.0,56.09148115870775,0.55310285
89.0,124.0,48.93557543310162,0.5202345
48.0,8.0,44.45321268795918,0.51293015
63.0,61.0,99.78017152855558,0.60419655
44.0,8.0,42.02251732148537,0.5346261
49.0,95.0,68.64934037519636,0.5740358
53.0,26.0,65.3991758303961,0.52983505
69.0,87.0,90.13751027320518,0.57359505
100.0,70.0,95.5424708585001,0.5775895
98.0,97.0,75.97083837760783,0.5563669
156.0,48.0,29.029621545815463,0.49562335
80.0,99.0,79.00438750424091,0.5563839
140.0,44.0,45.92028025128077,0.546026
5.0,101.0,22.04375043281673,0.5185069
7.0,111.0,18.305514934766855,0.5009192
100.0,114.0,56.92339152597561,0.5634243
76.0,54.0,107.38467830519512,0.5589602
151.0,67.0,36.76326737229179,0.51497966
128.0,79.0,61.096140753373874,0.53094846
47.0,55.0,79.93526579609858,0.5777144
35.0,87.0,60.80571467925179,0.5553349
60.0,33.0,76.78859398542907,0.55379206
15.0,92.0,37.10184767718531,0.5289618
2.0,56.0,28.15907177319593,0.51088595
49.0,75.0,81.47142333913445,0.55993813
44.0,86.0,70.58266325739814,0.5555833
128.0,72.0,63.001925578096255,0.5460788
133.0,25.0,42.92504440164882,0.5440957
113.0,20.0,55.57832322095,0.541426
29.0,9.0,32.14445059658662,0.5220229
122.0,37.0,61.51688799111402,0.55521774
25.0,112.0,34.494865365988176,0.48345104
62.0,76.0,94.66083721328371,0.55736035
149.0,71.0,38.765245332716994,0.5459562
111.0,66.0,83.61411088307352,0.5322953
110.0,69.0,84.37620348631016,0.5770257
99.0,108.0,63.86291821603555,0.5398855
26.0,99.0,44.625932841593325,0.55583423
9.0,27.0,26.222564989901905,0.5262564
87.0,35.0,85.05666608112709,0.56114227
43.0,42.0,69.57951200398693,0.5397992
122.0,106.0,50.42813857284668,0.5378353
139.0,6.0,23.092796461971016,0.5029108
140.0,126.0,18.941576906975325,0.53320485
107.0,40.0,77.68692469858264,0.5290038
121.0,94.0,60.49364657819322,0.54530036
101.0,77.0,91.0709446420655,0.56097
11.0,36.0,32.779191059729776,0.51608187
127.0,100.0,50.65528841800376,0.5384078
91.0,65.0,107.06253313896079,0.591129
24.0,63.0,54.396562775950855,0.5280455
54.0,40.0,78.55506150530239,0.5367595
81.0,65.0,118.3435271088773,0.57541513
158.0,66.0,28.60832081425441,0.537546
156.0,98.0,22.478895342297637,0.51301634
105.0,26.0,66.72179551476296,0.5404479
153.0,72.0,33.98294979000227,0.5463038
107.0,113.0,54.46979843558261,0.5200545
118.0,50.0,72.5658350974743,0.54103065
125.0,93.0,57.29424113271612,0.54715014
76.0,27.0,76.40926200413223,0.5584918
134.0,2.0,23.696364326665012,0.522196
67.0,11.0,56.080748348347214,0.5442185
22.0,82.0,48.868037440536085,0.5647185
82.0,42.0,94.12506627792158,0.544737
93.0,24.0,70.735593910846,0.54386944
35.0,68.0,67.08353338492459,0.5371192
154.0,93.0,26.90533928490561,0.5452108
130.0,52.0,59.77177551687046,0.53088975
141.0,32.0,39.31599578240202,0.5201497
83.0,76.0,105.51177938512235,0.56115985
80.0,113.0,62.60614250593727,0.512218
109.0,114.0,52.29705305978,0.5380149
19.0,44.0,44.80817214876501,0.5448567
63.0,39.0,84.58865415387116,0.55160314
14.0,5.0,16.30823703245724,0.5030615
19.0,41.0,43.64037268996902,0.5379426
18.0,5.0,19.752592637381245,0.48925883
35.0,84.0,62.32000600453331,0.5563516
117.0,114.0,47.14343359522984,0.5256158
147.0,71.0,41.09553476420779,0.50698966
77.0,44.0,96.31185847770054,0.5429544
48.0,122.0,42.41055515587501,0.5267488
147.0,116.0,20.6599520739434,0.5273251
70.0,72.0,105.0,0.579866
126.0,78.0,63.67992170182826,0.55103165
43.0,71.0,75.89300702532202,0.5699221
44.0,65.0,77.81681932680611,0.55287635
79.0,120.0,54.396562775950855,0.5465494
135.0,83.0,51.84263187836335,0.5385967
104.0,10.0,50.78400720543997,0.543143
76.0,81.0,99.54406878308349,0.5626472
10.0,87.0,33.6963316496239,0.5071756
29.0,46.0,56.65209303320929,0.5533835
129.0,39.0,55.567675889784155,0.5382155
6.0,101.0,23.092796461971016,0.54571384
128.0,107.0,44.51680044782052,0.53794944
110.0,118.0,47.64417194407531,0.5436957
23.0,56.0,52.58134983371513,0.55316186
83.0,84.0,96.31185847770054,0.5888968
91.0,30.0,78.14331944220764,0.55668664
151.0,40.0,32.21475066960281,0.5104537
27.0,13.0,33.84748350999272,0.5066029
5.0,121.0,9.660999089391687,0.50333655
7.0,56.0,33.98294979000227,0.49099198
146.0,3.0,14.732483642863494,0.5142027
133.0,55.0,57.03223821358866,0.5276906
57.0,41.0,81.90112350417795,0.55458415
154.0,68.0,33.19702713869197,0.5409586
39.0,61.0,71.8481821633325,0.54590344
33.0,11.0,37.02740681699651,0.5272409
145.0,91.0,37.5582245371716,0.5402836
13.0,12.0,20.6599520739434,0.52396536
19.0,62.0,48.51211086706415,0.52783257
115.0,51.0,76.26786078866024,0.5695433
106.0,20.0,60.13735233581918,0.5467859
142.0,28.0,36.02482945362551,0.49299338
102.0,80.0,88.1371077515078,0.5313595
46.0,8.0,43.26399388718266,0.5210566
158.0,83.0,25.96689088541155,0.5012273
0.0,31.0,18.636581140300763,0.52668333
29.0,4.0,27.764055205168937,0.5100222
29.0,55.0,59.34051458566675,0.5315593
105.0,6.0,46.022209990875325,0.56630623
59.0,19.0,61.83444569750002,0.5748324
137.0,7.0,25.581045206006205,0.52075845
123.0,47.0,65.84068217455953,0.5479341
103.0,96.0,73.84114121967009,0.52251285
156.0,36.0,25.131670194948615,0.47639257
55.0,107.0,61.74017407275258,0.5560768
23.0,115.0,30.412530819615498,0.5451952
72.0,115.0,59.53306688776087,0.5221192
128.0,6.0,31.817124609167337,0.55048096
9.0,99.0,27.281898523193355,0.52521414
104.0,9.0,49.712046967752606,0.5334382
114.0,110.0,52.9998179835017,0.5451729
36.0,73.0,67.39557423793984,0.51582503
130.0,91.0,53.44152580020424,0.5408645
30.0,103.0,45.72607554694221,0.5204006
10.0,115.0,18.555403803056233,0.51991946
80.0,65.0,118.82869678583545,0.58375335
124.0,123.0,33.79176514916014,0.52837324
107.0,75.0,85.85093651964426,0.55847234
57.0,2.0,42.543285101117085,0.53233355
146.0,16.0,24.4113232545234,0.50454795
145.0,31.0,34.61528953912295,0.50945634
93.0,39.0,86.99501146352746,0.5296403
6.0,43.0,29.900969118121708,0.50452846
20.0,78.0,47.83403274902848,0.5245196
159.0,86.0,23.945994611263025,0.52132463
104.0,57.0,90.71741964588637,0.5650426
10.0,27.0,27.259705655405895,0.5044176
76.0,5.0,50.7344716714429,0.53382725
38.0,32.0,58.15341561573509,0.56020725
76.0,26.0,75.2445670282612,0.5656533
122.0,93.0,60.217620264585754,0.5419858
121.0,17.0,46.945977222999964,0.5191288
89.0,77.0,101.4800700628202,0.6044964
158.0,71.0,28.271177761467516,0.48458767
99.0,89.0,83.22033302979723,0.54337925
49.0,33.0,68.64934037519636,0.49515533
74.0,110.0,65.66364914359593,0.5737433
117.0,46.0,71.8054628133629,0.5491349
13.0,106.0,27.378129064406398,0.55271184
106.0,36.0,75.2445670282612,0.53288317
70.0,84.0,93.80886390864082,0.54828376
27.0,105.0,41.51394406896372,0.54495174
11.0,124.0,12.897786454520638,0.45807236
20.0,24.0,35.53612404427905,0.54179746
1.0,53.0,26.574341540792,0.53555614
16.0,90.0,39.08676733987083,0.5395448
145.0,121.0,18.738144325545036,0.52078307
118.0,91.0,65.3991758303961,0.53675336
74.0,15.0,62.17746873448707,0.55677783
30.0,3.0,27.615431285385288,0.526771
59.0,79.0,89.77220629627227,0.5660552
134.0,89.0,50.300076985030444,0.50562537
65.0,39.0,85.85093651964426,0.551062
14.0,33.0,34.5911911209017,0.5344318
136.0,109.0,35.85345970331021,0.5272747
62.0,67.0,98.62572209178609,0.5635376
89.0,34.0,83.31370628775015,0.5574061
149.0,60.0,39.04438885654832,0.53617114
154.0,36.0,27.326300202558322,0.50696135
57.0,31.0,72.88506528529695,0.56210124
126.0,30.0,52.9998179835017,0.5305812
17.0,39.0,40.61017758906986,0.557882
155.0,84.0,29.082421405093626,0.540746
96.0,39.0,85.23379479450993,0.57258093
72.0,2.0,46.77715270590976,0.5566917
98.0,120.0,51.10187796817539,0.5000628
145.0,9.0,20.26712507170258,0.51143235
136.0,9.0,28.062023823587264,0.50810695
73.0,38.0,88.4616957629878,0.56891596
112.0,29.0,64.45255818057032,0.5530417
65.0,40.0,86.84984273296325,0.5371958
60.0,100.0,71.7627812960502,0.5575277
25.0,67.0,55.4825604971803,0.51282734
82.0,25.0,74.25914725591468,0.5612905
93.0,35.0,82.77540152389393,0.55767745
82.0,105.0,71.91946542645299,0.5730556
145.0,41.0,39.23951400863801,0.5437926
57.0,120.0,49.09018953972452,0.5318216
104.0,108.0,61.294451170143766,0.55419487
29.0,53.0,58.88984356498345,0.5605613
21.0,7.0,23.910293437241297,0.5494854
76.0,74.0,107.38467830519512,0.5830724
150.0,78.0,36.385028764974464,0.5419979
61.0,62.0,97.6222835141306,0.59605294
82.0,121.0,53.19463107598932,0.5217782
89.0,106.0,69.68847050625473,0.5495665
132.0,24.0,43.1567956890104,0.5576524
109.0,43.0,78.0614561123704,0.55527025
159.0,35.0,21.429423575869436,0.49535584
16.0,55.0,44.29900764255174,0.5440206
29.0,109.0,40.33415825171106,0.54505646
10.0,18.0,21.889808092647378,0.540863
84.0,85.0,94.96039722126022,0.5635753
104.0,64.0,91.88872286005092,0.59352326
92.0,117.0,56.349611539131104,0.53149444
21.0,89.0,44.94514201387711,0.54503524
34.0,60.0,65.91673086804016,0.5511315
61.0,7.0,49.624266238716736,0.5260214
38.0,14.0,43.51470729610822,0.5162598
57.0,107.0,62.881701706020685,0.5489493
37.0,92.0,59.897191738025995,0.51646477
76.0,31.0,81.06407702954795,0.6024476
134.0,81.0,53.689339782078896,0.5498188
88.0,118.0,56.059288132314784,0.5310776
13.0,116.0,20.6599520739434,0.5264626
23.0,19.0,34.93725414902646,0.51434076
132.0,26.0,44.56225309212513,0.55208796
133.0,33.0,48.08160111931735,0.5492794
114.0,75.0,78.14331944220764,0.5525996
50.0,82.0,79.02112382357312,0.5535868
4.0,49.0,29.263682748897708,0.534857
73.0,120.0,53.896561101964274,0.5575992
77.0,121.0,53.143309435997864,0.5397408
39.0,119.0,39.648258021220286,0.49588177
32.0,91.0,55.49319377941202,0.54369885
26.0,43.0,52.13513247708768,0.5417241
61.0,3.0,45.164815240097255,0.52986676
65.0,102.0,72.14828545009225,0.583241
62.0,62.0,98.78679656440357,0.5620904
47.0,12.0,47.86255496893617,0.52048576
6.0,110.0,17.941910371903464,0.53394663
138.0,64.0,52.06441357845635,0.527209
30.0,61.0,61.329516707665526,0.5248153
26.0,11.0,31.374830145678608,0.53863
155.0,6.0,8.94834754856133,0.50110656
125.0,29.0,53.22544299349764,0.5263675
158.0,99.0,19.862137712977738,0.5322208
28.0,110.0,38.680845564843814,0.52788526
42.0,75.0,73.66315010127916,0.56764156
124.0,72.0,67.61772781728163,0.5222897
41.0,45.0,69.18649593737949,0.5511554
48.0,16.0,52.42889923542325,0.50308824
62.0,74.0,95.8813906480251,0.56899315
83.0,70.0,112.14265917259225,0.5951088
147.0,103.0,29.195667343081624,0.49168113
24.0,14.0,32.06640532099958,0.5713108
48.0,10.0,46.47797741575624,0.52593094
91.0,88.0,89.07670780786754,0.5924848
38.0,12.0,41.706462279569415,0.51663315
128.0,42.0,58.15341561573509,0.55594546
140.0,100.0,38.04224764714624,0.502821
120.0,93.0,62.130034328425,0.5450831
96.0,123.0,48.39705517705942,0.51123816
86.0,97.0,80.71329586296123,0.54852337
23.0,88.0,47.55889692561173,0.509996
42.0,36.0,64.71250306739171,0.55279857
140.0,56.0,49.09986411654289,0.51685756
15.0,105.0,29.98475738832326,0.53387004
159.0,68.0,27.348509021776636,0.517259
49.0,73.0,82.19030321819935,0.53281784
1.0,10.0,7.9154010710072065,0.50355697
12.0,127.0,11.422024197960416,0.5141375
125.0,114.0,41.208634557505704,0.50503534
141.0,101.0,36.43426714665232,0.50741774
146.0,123.0,16.30823703245724,0.5154284
139.0,46.0,47.748533646410316,0.5235423
153.0,30.0,25.67554050758316,0.5254117
74.0,12.0,58.68812234596453,0.57111526
8.0,48.0,33.608943552319374,0.5332991
139.0,81.0,48.08160111931735,0.54113793
102.0,100.0,70.58266325739814,0.5569244
158.0,28.0,19.37694101250946,0.54135126
91.0,68.0,106.29024737374263,0.57954943
19.0,119.0,23.79613871143598,0.53076655
112.0,85.0,75.1679965138143,0.5623754
102.0,44.0,85.17465178854947,0.54559195
95.0,60.0,101.81648428101873,0.558155
45.0,65.0,78.98765801466647,0.5199546
8.0,10.0,14.582710725190907,0.5174584
123.0,24.0,51.21148528934819,0.53298104
26.0,29.0,44.625932841593325,0.513988
147.0,70.0,41.208634557505704,0.5314107
19.0,108.0,31.902735293424193,0.52217877
75.0,99.0,78.58817772193254,0.5749461
18.0,67.0,47.29423648168951,0.5249106
79.0,66.0,117.38088639086408,0.5705761
14.0,15.0,23.717735847956387,0.52875847
4.0,58.0,30.703972721039378,0.5122864
83.0,64.0,116.48609035750636,0.56442803
152.0,106.0,22.366414215339137,0.50304484
43.0,107.0,53.554992479568156,0.5175124
11.0,58.0,38.87509630206025,0.535663
23.0,57.0,52.73414594349359,0.5593112
122.0,116.0,41.706462279569415,0.5243807
114.0,70.0,79.56034305711117,0.55885327
121.0,108.0,49.55606796199115,0.55074626
101.0,20.0,62.89371270358677,0.570745
132.0,46.0,55.546386504068465,0.55395067
61.0,63.0,97.71443647866596,0.5543867
63.0,44.0,89.25468506838965,0.55685246
129.0,102.0,47.369755342389276,0.567963
56.0,72.0,90.3681121005123,0.5757337
145.0,52.0,42.57871818389481,0.5230014
85.0,106.0,70.4578893091209,0.58547455
74.0,83.0,96.66194879287602,0.55922335
116.0,56.0,76.80447177615969,0.5535699
141.0,125.0,18.955153641515416,0.48701617
2.0,96.0,21.24864928370507,0.5205406
66.0,126.0,45.55080304778789,0.53332824
44.0,87.0,69.9619047563783,0.5549111
61.0,89.0,83.22033302979723,0.5554491
121.0,69.0,71.62078152256069,0.5439952
36.0,30.0,54.868800327863546,0.51697373
84.0,57.0,110.5566515859949,0.5772069
47.0,57.0,80.48695800365557,0.5345622
79.0,19.0,67.27834248876741,0.5266783
30.0,49.0,58.85617714625023,0.51590866
22.0,98.0,41.252177730459614,0.54877466
32.0,4.0,30.0,0.54122496
40.0,8.0,39.39255012339271,0.52186996
115.0,63.0,78.98765801466647,0.5404308
23.0,67.0,53.143309435997864,0.52567726
51.0,124.0,41.94338358695234,0.5396781
60.0,0.0,41.4615210044985,0.5429599
121.0,79.0,68.86352549901153,0.53298444
79.0,74.0,108.22854838302719,0.57216483
67.0,108.0,66.2602817548029,0.5418854
26.0,51.0,54.942567586822776,0.54222274
35.0,54.0,66.0055897201996,0.51102185
84.0,118.0,56.57633741567933,0.49182004
41.0,83.0,69.18649593737949,0.5278172
140.0,110.0,31.444519250744804,0.5110045
4.0,105.0,18.853372552998884,0.53524977
109.0,0.0,37.69979847696782,0.49784747
147.0,121.0,16.965255682438052,0.5024686
147.0,81.0,39.03591582170976,0.5202903
25.0,124.0,24.662825564902057,0.5015556
119.0,6.0,38.134367972163844,0.5364593
4.0,56.0,30.489134056522396,0.5289359
41.0,112.0,47.55889692561173,0.52756524
50.0,108.0,57.62329233971557,0.5545113
102.0,112.0,58.15341561573509,0.52739555
63.0,8.0,51.45123686871317,0.5136447
158.0,72.0,28.15907177319593,0.5128321
67.0,40.0,88.02964406615739,0.55067533
136.0,39.0,48.16749665655967,0.5348327
83.0,94.0,84.68564514908158,0.57141846
81.0,106.0,70.79132289484888,0.5367023
109.0,27.0,64.93628967167258,0.5438598
84.0,115.0,60.08008393310774,0.54497206
64.0,49.0,94.3113150086392,0.56001323
89.0,55.0,105.09174397989571,0.59958506
119.0,49.0,71.0569021284074,0.5210118
108.0,63.0,87.18260054000206,0.55496174
64.0,102.0,71.70593128374115,0.5573271
135.0,14.0,32.93662947137368,0.5187013
118.0,30.0,60.27502054641034,0.54587954
101.0,94.0,77.1072665202385,0.5522655
47.0,43.0,74.18422361398142,0.55601376
4.0,109.0,16.54667011925312,0.5187699
114.0,46.0,74.93906564574976,0.5455162
127.0,91.0,56.51147597457609,0.55673635
2.0,106.0,16.235491757866896,0.48626187
48.0,110.0,54.36520108000411,0.55017245
45.0,86.0,71.57826279297342,0.53711665
56.0,53.0,89.07670780786754,0.5595505
52.0,97.0,69.30814035620371,0.5657742
31.0,12.0,36.311225510169194,0.53208494
73.0,44.0,95.1805298694558,0.5814597
144.0,127.0,14.810710690841464,0.51645666
70.0,34.0,82.9601401256404,0.56992877
16.0,40.0,39.93904761020529,0.54501295
159.0,96.0,20.164006441784245,0.531453
37.0,124.0,33.53750989520397,0.51721925
148.0,101.0,29.324183717285525,0.5257648
115.0,71.0,78.19251438248725,0.5635763
107.0,110.0,57.52439500483253,0.50809014
102.0,0.0,40.7312382753089,0.56787616
6.0,83.0,30.512127814475974,0.5290496
18.0,111.0,28.87140552105877,0.50741255
27.0,125.0,25.34884330651508,0.5198228
87.0,52.0,103.72773570255653,0.5486517
150.0,108.0,23.156525585946852,0.50876164
38.0,118.0,39.870531592197146,0.5708255
134.0,64.0,56.74962643511455,0.5260195
61.0,115.0,56.252690157190784,0.5375584
156.0,124.0,6.583005532035271,0.5121284
63.0,64.0,100.08784535920272,0.58584416
115.0,104.0,57.7443802125306,0.5464138
79.0,44.0,96.54467141512636,0.53554016
111.0,56.0,82.5,0.56539464
93.0,60.0,104.06855387575389,0.59306
138.0,41.0,46.91781272046535,0.5257056
145.0,61.0,43.78424399499382,0.5302626
109.0,102.0,64.00974605714521,0.5715003
101.0,95.0,76.14255354268676,0.5854852
62.0,51.0,93.99284807558675,0.5705453
154.0,113.0,16.04395276802045,0.51680243
39.0,99.0,56.858173578028016,0.5257866
70.0,61.0,107.77123542925005,0.58382916
16.0,0.0,13.985734968147314,0.51926106
92.0,51.0,99.27753075265119,0.57441664
116.0,110.0,51.58145309219429,0.5558368
54.0,59.0,88.98810220450787,0.57506984
8.0,69.0,35.46306190522972,0.5060368
55.0,26.0,66.72179551476296,0.5237195
71.0,71.0,106.64508859869952,0.5644941
70.0,81.0,96.89828957868609,0.5883807
150.0,15.0,19.916955213889803,0.52187026
29.0,90.0,52.94864545483466,0.5358373
155.0,82.0,29.657663275305698,0.5208366
29.0,30.0,48.2057054376372,0.5443471
14.0,127.0,13.128610458930465,0.48381
40.0,126.0,33.577187970858134,0.51866573
155.0,69.0,31.95725816261797,0.5233607
150.0,66.0,37.97531602933294,0.5233179
134.0,50.0,54.65849561632398,0.51605034
100.0,23.0,66.56751467688521,0.583139
33.0,24.0,47.71056650435037,0.519042
61.0,124.0,46.28230347814844,0.53605527
130.0,11.0,34.655468690781106,0.5280233
16.0,105.0,30.973250114800038,0.5316018
158.0,81.0,26.4936091919316,0.5015995
6.0,37.0,27.734311268634798,0.50988567
61.0,72.0,95.85296564187057,0.60012215
104.0,32.0,73.14787143341819,0.56652933
31.0,107.0,43.64037268996902,0.5275526
150.0,77.0,36.60683042534409,0.522217
33.0,124.0,30.7270218142895,0.5351034
92.0,52.0,100.12232530652763,0.55600345
52.0,125.0,41.38295195123108,0.521227
2.0,67.0,28.57079908208864,0.5044372
15.0,43.0,39.99047312823365,0.547405
31.0,112.0,39.65679563394999,0.5170847
148.0,69.0,40.136358588452815,0.5176468
113.0,54.0,79.61126394649122,0.5621476
4.0,84.0,27.950172560143734,0.5187886
71.0,118.0,55.87716627535828,0.51179916
5.0,57.0,31.770462885084825,0.5048374
125.0,23.0,48.6946620545685,0.5585757
34.0,73.0,65.09848062878139,0.53295034
16.0,10.0,21.9177796375943,0.53540343
57.0,94.0,75.7222596253724,0.57421196
18.0,25.0,34.2065370049505,0.52369356
23.0,68.0,53.07152525488633,0.50789255
137.0,125.0,22.211963921960262,0.52289975
31.0,53.0,61.17771701464014,0.56551725
40.0,105.0,52.907735533673396,0.5256319
11.0,65.0,39.17159096383826,0.5546341
32.0,114.0,38.81592730999148,0.54284465
23.0,77.0,51.52132252815711,0.52380896
139.0,75.0,49.702288140488335,0.5416917
110.0,70.0,84.1650123278462,0.5344305
139.0,67.0,50.803831348133436,0.5471869
88.0,70.0,108.28696785835454,0.57226956
122.0,79.0,67.7619776828242,0.54183125
105.0,123.0,44.94514201387711,0.54786366
85.0,103.0,73.94528704501727,0.5525054
9.0,80.0,34.75197591875753,0.5372604
143.0,119.0,22.04375043281673,0.5294506
18.0,102.0,34.82442809830691,0.4893578
51.0,69.0,85.53103198386175,0.57147175
20.0,118.0,25.450361469006854,0.5395063
131.0,108.0,41.104228992126394,0.543137
70.0,118.0,55.67422850793952,0.54826903
121.0,127.0,31.95725816261797,0.5282512
143.0,32.0,37.23435230106399,0.51622164
82.0,5.0,50.853416570303345,0.52032596
51.0,18.0,56.306517161505745,0.5277921
119.0,65.0,74.3041604071272,0.5276737
62.0,58.0,97.77608407538423,0.5738141
56.0,80.0,86.21444961771162,0.58202195
127.0,41.0,58.71050302846016,0.5465107
80.0,26.0,75.49047786174728,0.5481049
26.0,20.0,38.411353013589135,0.55008566
71.0,42.0,92.15844043476748,0.57484215
121.0,41.0,64.93628967167258,0.560618
78.0,57.0,111.47278388721463,0.5851924
152.0,43.0,32.15225893765909,0.51807487
72.0,9.0,54.90040463203192,0.52505213
154.0,27.0,23.092796461971016,0.496967
26.0,26.0,42.65850197291773,0.5198476
134.0,122.0,27.178377203710845,0.55139375
16.0,107.0,29.688040659057783,0.5086797
10.0,103.0,26.142135223052275,0.5547494
82.0,55.0,109.20111794403992,0.5784496
135.0,40.0,49.712046967752606,0.5710843
108.0,62.0,87.11995193167124,0.5761773
19.0,88.0,43.21930978270708,0.5196444
12.0,24.0,27.593158314744333,0.5260919
60.0,34.0,77.76806202213952,0.5378727
122.0,7.0,37.068754601087555,0.56864905
38.0,90.0,62.14188928413098,0.5548313
58.0,73.0,92.15844043476748,0.5323373
11.0,31.0,30.412530819615498,0.5157283
34.0,18.0,43.80224700835589,0.53378284
150.0,20.0,23.156525585946852,0.51541215
158.0,14.0,11.47889943290898,0.50121874
134.0,14.0,33.799722709970084,0.5087039
54.0,47.0,83.61411088307352,0.53994155
95.0,126.0,45.28407457445822,0.55875653
87.0,68.0,110.5566515859949,0.59937155
77.0,20.0,68.34300510142678,0.54736876
148.0,107.0,25.762851041097182,0.49933904
45.0,91.0,68.22362814056174,0.5562973
53.0,68.0,88.02964406615739,0.5443439
24.0,90.0,47.68210422875616,0.5378809
62.0,24.0,68.6226300172784,0.5689698
134.0,118.0,30.55046387937429,0.52706087
87.0,36.0,86.19415189861881,0.5787289
76.0,29.0,78.73752960116622,0.54269624
141.0,76.0,47.18110503849544,0.550392
95.0,106.0,67.7619776828242,0.534899
88.0,87.0,91.47690281244459,0.54419667
110.0,68.0,84.54993205827144,0.5663003
56.0,94.0,75.0,0.5424998
95.0,112.0,61.096140753373874,0.57287896
125.0,84.0,62.32000600453331,0.5525143
10.0,127.0,9.69208838050799,0.51582974
138.0,88.0,46.47797741575624,0.51269084
42.0,106.0,53.65831241070873,0.54923546
31.0,89.0,55.567675889784155,0.5438873
41.0,118.0,41.97854422676022,0.51526195
138.0,19.0,34.01485522515404,0.52382934
142.0,63.0,47.369755342389276,0.55396366
138.0,127.0,19.69786496448379,0.49551484
98.0,13.0,56.65209303320929,0.5473032
96.0,7.0,50.65528841800376,0.5351881
51.0,103.0,63.07418177586021,0.5437642
46.0,77.0,77.36391943607318,0.5568553
12.0,5.0,14.550179544266918,0.5204048
99.0,32.0,76.40926200413223,0.55212104
158.0,12.0,10.196961257562771,0.49572864
87.0,17.0,64.34152487124231,0.5592376
25.0,80.0,52.907735533673396,0.528968
129.0,123.0,30.167839427236682,0.4965135
133.0,32.0,47.48318109300267,0.5334172
41.0,0.0,32.21475066960281,0.50548005
19.0,124.0,19.779967680863415,0.519345
93.0,58.0,103.22949016875158,0.5698573
15.0,122.0,17.962076633841427,0.5106474
147.0,123.0,15.432073657778815,0.5273452
81.0,6.0,52.05431688724781,0.5186597
52.0,1.0,39.24800840634664,0.5259267
138.0,32.0,42.41055515587501,0.5267796
33.0,21.0,45.38513520229037,0.5451064
32.0,1.0,27.23012342360263,0.5370875
45.0,12.0,46.58068141515194,0.5416336
37.0,1.0,30.657892373629593,0.52360964
155.0,102.0,21.519935160806746,0.53099686
25.0,20.0,37.5,0.5317905
132.0,124.0,27.001180180580366,0.5371124
149.0,63.0,39.17159096383826,0.5338152
123.0,46.0,65.3991758303961,0.54179054
138.0,58.0,51.70187303928853,0.5167771
67.0,67.0,104.3728659993852,0.5674497
82.0,123.0,50.853416570303345,0.5227021
67.0,2.0,45.79999835645259,0.5357436
24.0,78.0,52.388303797237604,0.5133836
131.0,17.0,38.765245332716994,0.53235906
89.0,53.0,103.35265347445835,0.52270794
5.0,2.0,6.021905185421814,0.4760487
9.0,47.0,34.48684311756465,0.49844396
36.0,6.0,34.72783887214635,0.5397355
30.0,48.0,58.50937013677929,0.5407186
150.0,127.0,9.69208838050799,0.5034477
105.0,21.0,61.74017407275258,0.5623606
117.0,25.0,57.03223821358866,0.53387666
21.0,68.0,50.7344716714429,0.5486789
67.0,62.0,104.59391156147642,0.5995613
100.0,1.0,42.57871818389481,0.5280049
57.0,6.0,46.91781272046535,0.52061343
108.0,121.0,45.615329077203796,0.5472661
75.0,121.0,52.979344283400756,0.51707274
35.0,52.0,65.44945284305618,0.52871805
90.0,93.0,84.06942670147086,0.5526929
105.0,69.0,90.13751027320518,0.5549134
90.0,44.0,93.80886390864082,0.5776822
144.0,86.0,40.7312382753089,0.5466424
140.0,101.0,37.43350794810223,0.5151267
53.0,92.0,74.43946669405689,0.55264634
43.0,44.0,70.735593910846,0.5581267
118.0,56.0,74.51481077290774,0.5423922
20.0,113.0,29.263682748897708,0.4958634
33.0,79.0,62.21307009112976,0.54380435
145.0,96.0,35.13910234260119,0.5320825
75.0,90.0,88.98810220450787,0.55450404
101.0,19.0,61.83444569750002,0.565024
64.0,32.0,78.09418225382531,0.5691096
143.0,124.0,18.096620367684537,0.49260396
149.0,119.0,16.646179581391614,0.5041851
149.0,14.0,20.1914943259942,0.5279098
29.0,64.0,60.26353607760817,0.541325
148.0,81.0,37.90008318235996,0.5521889
75.0,6.0,51.812444808991515,0.55646265
14.0,82.0,39.870531592197146,0.52700144
20.0,1.0,18.096620367684537,0.50222665
31.0,66.0,62.55835410673863,0.5331277
149.0,30.0,29.900969118121708,0.50580156
86.0,22.0,70.30581326631905,0.5419133
145.0,58.0,43.54161820740997,0.5377656
147.0,107.0,26.750727459844,0.5257282
131.0,54.0,59.126029832920885,0.5205008
12.0,98.0,30.950137289378787,0.53594345
5.0,92.0,26.22988020774603,0.51988864
103.0,64.0,93.06002607421544,0.5762066
118.0,85.0,69.14601245939028,0.51386565
13.0,76.0,40.27390640449013,0.5278665
87.0,48.0,99.54406878308349,0.5744484
104.0,2.0,42.128154059095905,0.51234597
154.0,51.0,31.99622375064611,0.51156265
107.0,117.0,50.32960876646273,0.52115905
62.0,50.0,93.29017719739906,0.5623112
26.0,16.0,35.37384939716531,0.5378875
83.0,20.0,68.34300510142678,0.53796506
128.0,121.0,32.71629520952253,0.49380055
155.0,4.0,7.5,0.51073617
19.0,111.0,29.80204696498198,0.5178008
134.0,24.0,41.287029611905304,0.54580384
64.0,55.0,98.49773125980401,0.57590264
136.0,121.0,26.40561696028245,0.53175575
13.0,14.0,22.07877108016499,0.51291424
83.0,67.0,115.0305813266319,0.5918074
49.0,30.0,66.10732209560081,0.5520938
147.0,13.0,21.37376542551438,0.5067309
140.0,120.0,23.867469529642836,0.5298027
91.0,79.0,98.21250078712063,0.5832607
6.0,58.0,33.03911728856922,0.5556989
20.0,95.0,40.89583125905991,0.50816655
36.0,112.0,43.73026045192165,0.5613247
7.0,2.0,7.817521258507716,0.52165574
143.0,84.0,42.57871818389481,0.50668615
11.0,27.0,28.293615404325546,0.49020097
145.0,93.0,36.63151148036339,0.491449
8.0,56.0,35.147186257614294,0.5370741
5.0,20.0,18.150487626441198,0.5244097
109.0,80.0,81.20527757793751,0.556145
108.0,125.0,41.38295195123108,0.5329518
121.0,50.0,69.25404017042943,0.59068847
62.0,122.0,48.868037440536085,0.5473895
108.0,111.0,55.919971910118505,0.55252737
107.0,62.0,88.28816870783967,0.569292
150.0,61.0,37.933511488638885,0.53017706
89.0,4.0,48.93557543310162,0.5369138
55.0,36.0,76.0332026604998,0.55078197
157.0,8.0,8.479877130277295,0.5178041
107.0,63.0,88.3531298507435,0.5596359
132.0,4.0,27.001180180580366,0.5371176
155.0,95.0,24.943854845111048,0.5131955
125.0,89.0,59.703476620062766,0.54655486
46.0,66.0,80.10685002868102,0.55552787
41.0,33.0,61.64605474495089,0.56446373
32.0,45.0,59.53306688776087,0.5653367
45.0,94.0,66.0055897201996,0.5987699
124.0,52.0,66.58035439479812,0.54921085
58.0,68.0,93.80886390864082,0.5671934
109.0,1.0,38.765245332716994,0.5120327
101.0,43.0,85.21406928642334,0.57928437
67.0,65.0,104.7280745379938,0.57017297
35.0,96.0,55.32327104519986,0.57584804
44.0,125.0,37.03567472526108,0.52040786
125.0,34.0,56.65209303320929,0.5327731
96.0,125.0,46.133566486529205,0.562899
36.0,37.0,59.53306688776087,0.5531617
139.0,70.0,50.53668278130975,0.5333415
98.0,23.0,67.55229084962862,0.5386068
37.0,9.0,38.22659207356931,0.54221094
9.0,50.0,35.23616020622139,0.51775897
105.0,53.0,88.00819464681467,0.5607431
56.0,68.0,91.50096278904813,0.57875663
114.0,103.0,59.3970841078241,0.545914
3.0,46.0,27.378129064406398,0.52294946
61.0,86.0,85.95152308123306,0.55840474
53.0,77.0,84.89996873047046,0.5654232
32.0,84.0,59.09223286344363,0.52801806
141.0,42.0,44.045705335058365,0.53002304
154.0,75.0,32.371174973016124,0.5070323
131.0,105.0,43.353440247123814,0.5394658
72.0,60.0,109.52354556345634,0.5825494
148.0,62.0,40.31693878933591,0.5427407
48.0,114.0,50.46758958901989,0.5073348
118.0,80.0,71.70593128374115,0.5379575
34.0,52.0,64.31688086953497,0.5406649
57.0,71.0,91.83996085091412,0.5670184
52.0,58.0,86.45898033750315,0.5735009
23.0,80.0,50.65528841800376,0.52043045
22.0,83.0,48.51211086706415,0.56072026
106.0,9.0,48.74277956996474,0.5667485
131.0,34.0,50.69486873605825,0.5174583
112.0,124.0,40.35138143681091,0.5776241
120.0,5.0,36.508179165013644,0.516029
88.0,83.0,95.85296564187057,0.5649799
149.0,94.0,31.871594513127953,0.55999607
20.0,36.0,42.4459275966667,0.52038366
100.0,72.0,94.76935661039025,0.5373973
48.0,20.0,56.27421550301559,0.55180717
127.0,8.0,34.36659957532525,0.5034958
113.0,116.0,47.86255496893617,0.51690096
5.0,36.0,26.22988020774603,0.5146374
118.0,34.0,63.291502766017636,0.51862574
37.0,65.0,69.62034382712044,0.5527494
133.0,88.0,51.85269720635467,0.5393652
95.0,119.0,53.22544299349764,0.55600303
114.0,7.0,42.26040184081719,0.54804426
133.0,48.0,55.153793574297055,0.5204694
94.0,63.0,103.55997596583562,0.5754963
109.0,124.0,41.94338358695234,0.5550586
119.0,102.0,56.22041575979302,0.54340816
130.0,3.0,27.615431285385288,0.5238686
52.0,95.0,71.07091991413715,0.55171996
142.0,14.0,26.706599715813944,0.54413456
156.0,67.0,30.911629238839218,0.5443169
91.0,111.0,63.46110770926428,0.5540319
95.0,97.0,77.54126824269211,0.54319245
8.0,74.0,34.85664885675195,0.51841944
137.0,10.0,28.032183518946788,0.5186346
124.0,88.0,61.294451170143766,0.5586816
25.0,13.0,32.14445059658662,0.5080906
2.0,59.0,28.450832881997222,0.5271268
65.0,63.0,102.3914516325236,0.57848686
126.0,106.0,47.03993741979577,0.54501957
123.0,22.0,49.59503031676271,0.51577705
82.0,11.0,57.87674525197666,0.54853714
23.0,1.0,20.487468616063104,0.48984435
102.0,49.0,88.81164616985778,0.5643896
128.0,88.0,57.14127338073796,0.5152412
141.0,119.0,23.79613871143598,0.4925199
125.0,115.0,40.33415825171106,0.5045037
104.0,27.0,68.34300510142678,0.5616605
148.0,67.0,40.27390640449013,0.52884007
139.0,95.0,41.9345959014291,0.53248304
63.0,119.0,52.57117573720112,0.5203897
61.0,1.0,42.92504440164882,0.5433895
98.0,32.0,76.99546251960801,0.5576609
143.0,31.0,36.6973633773055,0.53539544
121.0,81.0,68.01207926413075,0.5481667
40.0,9.0,40.3427693787695,0.51284015
146.0,119.0,19.370123963012293,0.51985013
109.0,81.0,80.6260888652298,0.5653455
55.0,46.0,83.91701637451423,0.58932734
154.0,114.0,15.392720488346182,0.50397015
45.0,16.0,50.41827931375557,0.55805415
5.0,25.0,20.98503439058242,0.4845616
118.0,49.0,72.14828545009225,0.5247893
89.0,32.0,81.06407702954795,0.5881589
112.0,35.0,69.41651431158343,0.53570783
65.0,65.0,102.3914516325236,0.5646275
92.0,4.0,48.3300246556924,0.5297327
154.0,66.0,33.291911087103124,0.52348965
133.0,99.0,45.606107646445906,0.5364291
149.0,58.0,38.87509630206025,0.53991497
18.0,91.0,40.7918380037179,0.51805466
27.0,127.0,23.568234663811836,0.513492
81.0,110.0,66.10732209560081,0.5530289
138.0,78.0,50.11333216225418,0.54361224
21.0,66.0,50.853416570303345,0.52006143
12.0,95.0,32.46516372908664,0.537796
99.0,87.0,85.05666608112709,0.5771475
135.0,70.0,55.19612138979003,0.5641315
69.0,115.0,58.88984356498345,0.5143004
29.0,51.0,58.35338713239161,0.5617957
59.0,122.0,47.748533646410316,0.5382114
136.0,75.0,53.15357061180292,0.52691114
58.0,118.0,51.70187303928853,0.5394067
71.0,4.0,48.93557543310162,0.53284323
151.0,89.0,31.832684005034505,0.5282586
45.0,5.0,39.648258021220286,0.5304261
40.0,54.0,71.70593128374115,0.5263308
39.0,15.0,45.164815240097255,0.5477138
94.0,104.0,70.3610597389116,0.54102516
38.0,11.0,40.7918380037179,0.52705663
81.0,7.0,53.22544299349764,0.5412416
157.0,28.0,20.439226796013628,0.5468141
150.0,34.0,30.796204827537004,0.51904726
107.0,11.0,50.32960876646273,0.5273512
65.0,54.0,98.88403101106977,0.5525889
107.0,56.0,87.01580200955053,0.55276424
151.0,58.0,36.54104996189195,0.5341735
132.0,121.0,29.62729610243976,0.5098761
13.0,62.0,41.48772816133587,0.5245262
76.0,24.0,72.91419353210877,0.5496662
141.0,3.0,18.955153641515416,0.49646568
39.0,83.0,67.07057160478773,0.5312334
136.0,56.0,53.74108435509208,0.542921
123.0,90.0,61.14274191513596,0.5548078
4.0,68.0,30.857745914663827,0.5027675
58.0,88.0,81.86513022596083,0.5972852
153.0,108.0,20.164006441784245,0.5434065
142.0,54.0,46.44066605959446,0.50439507
145.0,32.0,35.13910234260119,0.52073747
122.0,11.0,40.7918380037179,0.51412547
26.0,81.0,53.689339782078896,0.55335295
92.0,78.0,98.40223588807984,0.57327354
105.0,64.0,90.71741964588637,0.5976275
88.0,51.0,102.12083239783402,0.5681932
9.0,28.0,26.758084114231217,0.52274805
42.0,90.0,66.06914996622199,0.5354694
15.0,72.0,43.29081684382368,0.5344483
18.0,19.0,30.267164831834986,0.5063091
115.0,62.0,78.93751044103038,0.60087985
13.0,101.0,30.351295358480293,0.5248175
26.0,64.0,56.74962643511455,0.52752143
132.0,25.0,43.86529107930454,0.53328294
68.0,80.0,96.57393571670909,0.5410314
40.0,2.0,33.577187970858134,0.5088873
155.0,112.0,15.701384383529827,0.51078886
50.0,60.0,84.54993205827144,0.5621572
70.0,40.0,89.54611643172183,0.5477606
91.0,7.0,52.00385591994133,0.52879715
130.0,65.0,61.42312743070009,0.5500313
67.0,19.0,65.13597740221962,0.5159928
136.0,86.0,49.52686033222199,0.5029989
72.0,118.0,56.059288132314784,0.530316
148.0,50.0,38.680845564843814,0.54292625
110.0,119.0,46.618063962679706,0.53486985
27.0,53.0,56.59797264147833,0.5094643
131.0,7.0,30.412530819615498,0.5467056
155.0,76.0,31.034913671902423,0.5509625
112.0,58.0,81.86513022596083,0.530637
142.0,115.0,25.96689088541155,0.51640177
77.0,25.0,74.18422361398142,0.55027735
152.0,10.0,14.582710725190907,0.49567825
97.0,73.0,97.46953282287488,0.56493825
60.0,44.0,86.87054217754604,0.56405175
81.0,56.0,110.5566515859949,0.55638146
88.0,81.0,97.9932105820089,0.56019217
45.0,11.0,45.606107646445906,0.54703176
73.0,111.0,64.34152487124231,0.5669206
92.0,7.0,51.7722161593616,0.534302
154.0,73.0,32.68486427411758,0.48988402
73.0,2.0,46.91781272046535,0.5302954
128.0,8.0,33.608943552319374,0.55326706
49.0,13.0,50.093703832183756,0.53141487
132.0,9.0,31.343874793755134,0.5576886
87.0,38.0,88.4616957629878,0.5809617
130.0,42.0,56.01638929362933,0.5430921
88.0,95.0,82.5,0.54564154
73.0,103.0,73.58918860185541,0.533728
45.0,63.0,78.98765801466647,0.53642327
106.0,28.0,67.98569615117349,0.5272945
5.0,126.0,6.021905185421814,0.48073018
83.0,119.0,55.4825604971803,0.55713016
132.0,108.0,40.21370005736207,0.532548
83.0,106.0,70.67992789750686,0.61143994
150.0,121.0,14.264336726888228,0.4962398
80.0,90.0,89.54611643172183,0.5700691
36.0,58.0,67.98569615117349,0.56619114
96.0,96.0,78.09418225382531,0.5799855
130.0,23.0,44.26276973125775,0.55911463
109.0,66.0,85.95152308123306,0.57841665
56.0,105.0,64.35385096487785,0.5075957
145.0,24.0,30.604161989170116,0.5062627
94.0,98.0,76.93170483080985,0.554867
17.0,34.0,38.268546520908615,0.49626416
126.0,2.0,29.57417808892925,0.52365917
64.0,9.0,52.907735533673396,0.5430779
101.0,82.0,87.60335383211975,0.5739186
4.0,116.0,12.138299932443983,0.51543593
11.0,90.0,33.63276790073793,0.53067964
30.0,23.0,44.26276973125775,0.5338732
3.0,117.0,10.50977323935454,0.5225471
50.0,67.0,84.68564514908158,0.5366198
146.0,0.0,12.316520731743289,0.51350576
65.0,24.0,69.9619047563783,0.55247384
76.0,75.0,106.29024737374263,0.5746948
101.0,92.0,79.00438750424091,0.5762163
111.0,75.0,81.47142333913445,0.5327939
8.0,24.0,23.525562592100428,0.4891148
42.0,95.0,62.55835410673863,0.5242885
6.0,78.0,31.786014050644024,0.5309086
79.0,32.0,82.5,0.577467
58.0,3.0,44.045705335058365,0.5200829
142.0,74.0,46.44066605959446,0.5375576
17.0,43.0,42.21629426384482,0.5347441
145.0,33.0,35.649902048721685,0.5110347
115.0,70.0,78.40636481617797,0.55932164
47.0,17.0,52.73414594349359,0.53436804
141.0,31.0,38.765245332716994,0.51433074
51.0,15.0,53.30767770081374,0.52846926
120.0,73.0,71.97656821925364,0.52324075
85.0,119.0,55.31266569480393,0.55622774
72.0,59.0,108.94994757765443,0.5684898
136.0,106.0,38.00877500848181,0.5068242
138.0,27.0,39.41808439884778,0.528752
75.0,41.0,92.43079660908288,0.5648729
124.0,89.0,60.72465037495999,0.5475747
81.0,76.0,105.89564156619421,0.56904936
1.0,95.0,20.597823550352622,0.5137436
54.0,92.0,75.2445670282612,0.5762785
106.0,50.0,85.41183058595563,0.5379736
99.0,105.0,67.07057160478773,0.55916804
156.0,92.0,25.131670194948615,0.5378078
109.0,35.0,71.96228615744175,0.54605967
95.0,96.0,78.6047457651154,0.58433485
45.0,60.0,78.73752960116622,0.56641513
102.0,34.0,76.42500157424124,0.5741495
28.0,18.0,38.680845564843814,0.5314411
82.0,62.0,116.6870542177546,0.5861408
13.0,7.0,16.965255682438052,0.51631415
140.0,85.0,45.54158960836741,0.5564238
65.0,69.0,101.4800700628202,0.55309254
88.0,46.0,96.92800240181332,0.58887756
5.0,116.0,13.102938733952673,0.48173833
154.0,69.0,33.12593218608566,0.524953
78.0,62.0,116.6870542177546,0.5742795
49.0,3.0,39.85341173976212,0.5265387
32.0,87.0,57.65629298094275,0.5269415
11.0,100.0,28.84130026933597,0.5191545
41.0,40.0,66.36249719350207,0.5723785
10.0,78.0,36.385028764974464,0.53658867
26.0,118.0,30.55046387937429,0.51437426
116.0,102.0,58.68812234596453,0.5277923
1.0,52.0,26.40561696028245,0.5442365
14.0,39.0,37.333870149920266,0.5374937
51.0,26.0,64.00974605714521,0.5507605
28.0,46.0,55.546386504068465,0.54864776
29.0,20.0,41.104228992126394,0.52384675
45.0,72.0,77.94711517682502,0.5660103
147.0,49.0,39.579989748940676,0.52960384
57.0,17.0,58.71050302846016,0.5555911
22.0,84.0,48.13885340294171,0.5483494
130.0,47.0,58.14232504191972,0.53354734
36.0,57.0,67.81453103849974,0.5458385
149.0,121.0,15.169998243381277,0.5206483
38.0,86.0,64.46490891820368,0.5706428
71.0,53.0,103.35265347445835,0.5859718
3.0,44.0,26.816958257992653,0.5080147
137.0,8.0,26.40561696028245,0.564926
140.0,42.0,45.14648451483521,0.5376018
159.0,23.0,15.747433791893597,0.4985847
98.0,27.0,71.8054628133629,0.5571063
86.0,18.0,65.66364914359593,0.58037436
108.0,12.0,50.82366117191127,0.5084087
152.0,117.0,15.281300153406331,0.5003423
71.0,76.0,102.43045178753181,0.5712136
119.0,116.0,43.86529107930454,0.5458161
113.0,118.0,45.873994886097215,0.51713955
40.0,93.0,62.130034328425,0.5355028
90.0,15.0,61.42312743070009,0.5290994
66.0,82.0,93.29017719739906,0.5711174
26.0,52.0,55.206707664239524,0.51040936
70.0,116.0,57.976204409015764,0.52677816
148.0,38.0,34.72783887214635,0.52878565
11.0,126.0,11.346236862672638,0.47839525
12.0,111.0,23.177777948826076,0.48351395
107.0,73.0,86.66412611307635,0.5393922
99.0,46.0,89.34406117298226,0.54965127
154.0,98.0,24.61247205318255,0.5049996
127.0,124.0,30.7270218142895,0.5413992
129.0,75.0,61.17771701464014,0.54901516
58.0,63.0,94.20472249687136,0.54353124
135.0,125.0,23.79613871143598,0.4897435
136.0,96.0,44.45321268795918,0.55930907
86.0,25.0,73.78173468442927,0.5695853
101.0,87.0,83.51996870989788,0.56944686
116.0,120.0,42.02251732148537,0.5214689
50.0,77.0,81.70357910119358,0.5527357
11.0,47.0,36.76326737229179,0.5621327
52.0,124.0,42.4459275966667,0.5253037
97.0,58.0,98.88403101106977,0.5618088
138.0,120.0,25.56651585994898,0.53101975
105.0,111.0,57.645290826613895,0.53015786
19.0,42.0,44.045705335058365,0.5313871
153.0,121.0,11.516832821973676,0.51398855
79.0,7.0,53.22544299349764,0.5241279
50.0,5.0,42.47246751841687,0.5047369
39.0,43.0,66.04371688297202,0.5410454
34.0,0.0,27.682282439340185,0.50628185
6.0,28.0,23.6109256267258,0.50281155
6.0,117.0,13.385667691165768,0.51263684
119.0,59.0,73.94528704501727,0.5249639
128.0,70.0,63.33990951596939,0.5581262
113.0,68.0,81.06407702954795,0.5368408
78.0,9.0,55.53574444777603,0.5612906
18.0,70.0,47.03993741979577,0.5032732
31.0,48.0,59.623892223463905,0.5232278
131.0,1.0,25.059389552230492,0.51070285
37.0,50.0,67.03170529550306,0.54343855
91.0,97.0,79.25615413820442,0.5526234
150.0,11.0,17.158510555226243,0.49163175
71.0,87.0,91.0709446420655,0.56798315
106.0,103.0,65.09848062878139,0.5247125
127.0,25.0,48.46414850733594,0.5231499
123.0,69.0,69.29460989829727,0.5474826
45.0,79.0,75.3981024137685,0.55438286
121.0,106.0,51.251385823279946,0.5446344
58.0,52.0,90.64722558507188,0.5666791
79.0,13.0,60.25205381629648,0.55505604
59.0,105.0,66.04371688297202,0.5380491
78.0,82.0,98.78679656440357,0.5554458
91.0,61.0,106.64508859869952,0.59236753
72.0,12.0,58.37564624590569,0.5436368
137.0,127.0,20.487468616063104,0.5191908
60.0,118.0,52.55083214818407,0.5457035
144.0,116.0,23.411862567482295,0.5543436
82.0,61.0,115.77680620221396,0.56999063
92.0,12.0,57.49146399754085,0.5197682
108.0,120.0,46.66481894419429,0.54531026
65.0,73.0,99.51056191178655,0.5710482
